Workbook

Sheet Xulosa
A1: 📊 SerMebel — Xulosa
A2: 📅 Davr: | B2: 46296 | C2: gacha: | D2: 46326 | E2: ← ikkala sanani ikki marta bosing — kalendar ochiladi
A4: 🔴 Xarajatlar | C4: 🟢 Daromadlar | E4: 💠 Balans | G4: 💸 Xodimlarga berildi | I4: 👔 Rahbarga (shaxsiy) | K4: 🏠 Uy uchun (shaxsiy)
A5: =-SUMIFS(Amallar!G:G,Amallar!F:F,"Chiqim",Amallar!K:K,"<>otkazma",Amallar!K:K,"<>rahbarga",Amallar!K:K,"<>uy",Amallar!Q:Q,"<>Ha",Amallar!B:B,">="&INT($B$2),Amallar!B:B,"<="&$D$2) -> -401667092 | C5: =SUMIFS(Amallar!G:G,Amallar!F:F,"Kirim",Amallar!K:K,"<>rahbar",Amallar!K:K,"<>otkazma",Amallar!Q:Q,"<>Ha",Amallar!B:B,">="&INT($B$2),Amallar!B:B,"<="&$D$2) -> 504450732 | E5: =A5+C5 -> 102783640 | G5: =SUMIFS(Amallar!G:G,Amallar!F:F,"Kirim",Amallar!K:K,"rahbar",Amallar!Q:Q,"<>Ha",Amallar!B:B,">="&INT($B$2),Amallar!B:B,"<="&$D$2) -> 115784414 | I5: =SUMIFS(Amallar!G:G,Amallar!F:F,"Chiqim",Amallar!K:K,"rahbarga",Amallar!Q:Q,"<>Ha",Amallar!B:B,">="&INT($B$2),Amallar!B:B,"<="&$D$2) -> 21893470 | K5: =SUMIFS(Amallar!G:G,Amallar!F:F,"Chiqim",Amallar!K:K,"uy",Amallar!Q:Q,"<>Ha",Amallar!B:B,">="&INT($B$2),Amallar!B:B,"<="&$D$2) -> 18866170
A7: Xarajatlar turlari bo'yicha
A8: Kategoriya | B8: Summa | C8: Operatsiya | D8: Ulushi
A9: 👷 Ойлик (ish haqi) | B9: =SUMIFS(Amallar!G:G,Amallar!F:F,"Chiqim",Amallar!K:K,"oylik",Amallar!Q:Q,"<>Ha",Amallar!B:B,">="&INT($B$2),Amallar!B:B,"<="&$D$2) -> 139981627 | C9: =COUNTIFS(Amallar!F:F,"Chiqim",Amallar!K:K,"oylik",Amallar!Q:Q,"<>Ha",Amallar!B:B,">="&INT($B$2),Amallar!B:B,"<="&$D$2) -> 73 | D9: =IFERROR(B9/-$A$5,0) -> 0.34850161
A10: 🪵 Заказ материал | B10: =SUMIFS(Amallar!G:G,Amallar!F:F,"Chiqim",Amallar!K:K,"material",Amallar!Q:Q,"<>Ha",Amallar!B:B,">="&INT($B$2),Amallar!B:B,"<="&$D$2) -> 131612440 | C10: =COUNTIFS(Amallar!F:F,"Chiqim",Amallar!K:K,"material",Amallar!Q:Q,"<>Ha",Amallar!B:B,">="&INT($B$2),Amallar!B:B,"<="&$D$2) -> 15 | D10: =IFERROR(B10/-$A$5,0) -> 0.32766548
A11: 🏭 Завод продукта | B11: =SUMIFS(Amallar!G:G,Amallar!F:F,"Chiqim",Amallar!K:K,"zavod",Amallar!Q:Q,"<>Ha",Amallar!B:B,">="&INT($B$2),Amallar!B:B,"<="&$D$2) -> 3600270 | C11: =COUNTIFS(Amallar!F:F,"Chiqim",Amallar!K:K,"zavod",Amallar!Q:Q,"<>Ha",Amallar!B:B,">="&INT($B$2),Amallar!B:B,"<="&$D$2) -> 4 | D11: =IFERROR(B11/-$A$5,0) -> 0.0089633183
A12: 🔩 Furnitura | B12: =SUMIFS(Amallar!G:G,Amallar!F:F,"Chiqim",Amallar!K:K,"furnitura",Amallar!Q:Q,"<>Ha",Amallar!B:B,">="&INT($B$2),Amallar!B:B,"<="&$D$2) -> 27707896 | C12: =COUNTIFS(Amallar!F:F,"Chiqim",Amallar!K:K,"furnitura",Amallar!Q:Q,"<>Ha",Amallar!B:B,">="&INT($B$2),Amallar!B:B,"<="&$D$2) -> 25 | D12: =IFERROR(B12/-$A$5,0) -> 0.068982241
A13: 🚚 Mashina / dostavka | B13: =SUMIFS(Amallar!G:G,Amallar!F:F,"Chiqim",Amallar!K:K,"mashina",Amallar!Q:Q,"<>Ha",Amallar!B:B,">="&INT($B$2),Amallar!B:B,"<="&$D$2) -> 2676000 | C13: =COUNTIFS(Amallar!F:F,"Chiqim",Amallar!K:K,"mashina",Amallar!Q:Q,"<>Ha",Amallar!B:B,">="&INT($B$2),Amallar!B:B,"<="&$D$2) -> 13 | D13: =IFERROR(B13/-$A$5,0) -> 0.0066622336
A14: ⛽ Zapravka | B14: =SUMIFS(Amallar!G:G,Amallar!F:F,"Chiqim",Amallar!K:K,"zapravka",Amallar!Q:Q,"<>Ha",Amallar!B:B,">="&INT($B$2),Amallar!B:B,"<="&$D$2) -> 6645000 | C14: =COUNTIFS(Amallar!F:F,"Chiqim",Amallar!K:K,"zapravka",Amallar!Q:Q,"<>Ha",Amallar!B:B,">="&INT($B$2),Amallar!B:B,"<="&$D$2) -> 24 | D14: =IFERROR(B14/-$A$5,0) -> 0.016543551
A15: 🔧 Remont avto | B15: =SUMIFS(Amallar!G:G,Amallar!F:F,"Chiqim",Amallar!K:K,"remont",Amallar!Q:Q,"<>Ha",Amallar!B:B,">="&INT($B$2),Amallar!B:B,"<="&$D$2) -> 550000 | C15: =COUNTIFS(Amallar!F:F,"Chiqim",Amallar!K:K,"remont",Amallar!Q:Q,"<>Ha",Amallar!B:B,">="&INT($B$2),Amallar!B:B,"<="&$D$2) -> 4 | D15: =IFERROR(B15/-$A$5,0) -> 0.0013692932
A16: 💡 Kommunal xizmatlar | B16: =SUMIFS(Amallar!G:G,Amallar!F:F,"Chiqim",Amallar!K:K,"kommunal",Amallar!Q:Q,"<>Ha",Amallar!B:B,">="&INT($B$2),Amallar!B:B,"<="&$D$2) -> 673921 | C16: =COUNTIFS(Amallar!F:F,"Chiqim",Amallar!K:K,"kommunal",Amallar!Q:Q,"<>Ha",Amallar!B:B,">="&INT($B$2),Amallar!B:B,"<="&$D$2) -> 12 | D16: =IFERROR(B16/-$A$5,0) -> 0.0016778098
A17: 🛎 Usluga (xizmatlar) | B17: =SUMIFS(Amallar!G:G,Amallar!F:F,"Chiqim",Amallar!K:K,"usluga",Amallar!Q:Q,"<>Ha",Amallar!B:B,">="&INT($B$2),Amallar!B:B,"<="&$D$2) -> 30830486 | C17: =COUNTIFS(Amallar!F:F,"Chiqim",Amallar!K:K,"usluga",Amallar!Q:Q,"<>Ha",Amallar!B:B,">="&INT($B$2),Amallar!B:B,"<="&$D$2) -> 17 | D17: =IFERROR(B17/-$A$5,0) -> 0.076756315
A18: 📣 СММ / reklama | B18: =SUMIFS(Amallar!G:G,Amallar!F:F,"Chiqim",Amallar!K:K,"smm",Amallar!Q:Q,"<>Ha",Amallar!B:B,">="&INT($B$2),Amallar!B:B,"<="&$D$2) -> 9994057 | C18: =COUNTIFS(Amallar!F:F,"Chiqim",Amallar!K:K,"smm",Amallar!Q:Q,"<>Ha",Amallar!B:B,">="&INT($B$2),Amallar!B:B,"<="&$D$2) -> 12 | D18: =IFERROR(B18/-$A$5,0) -> 0.024881443
A19: 🗂 Ofis uchun | B19: =SUMIFS(Amallar!G:G,Amallar!F:F,"Chiqim",Amallar!K:K,"ofis",Amallar!Q:Q,"<>Ha",Amallar!B:B,">="&INT($B$2),Amallar!B:B,"<="&$D$2) -> 33499395 | C19: =COUNTIFS(Amallar!F:F,"Chiqim",Amallar!K:K,"ofis",Amallar!Q:Q,"<>Ha",Amallar!B:B,">="&INT($B$2),Amallar!B:B,"<="&$D$2) -> 26 | D19: =IFERROR(B19/-$A$5,0) -> 0.083400895
A20: 🛠 Asbob-uskuna | B20: =SUMIFS(Amallar!G:G,Amallar!F:F,"Chiqim",Amallar!K:K,"asbob",Amallar!Q:Q,"<>Ha",Amallar!B:B,">="&INT($B$2),Amallar!B:B,"<="&$D$2) -> 2450000 | C20: =COUNTIFS(Amallar!F:F,"Chiqim",Amallar!K:K,"asbob",Amallar!Q:Q,"<>Ha",Amallar!B:B,">="&INT($B$2),Amallar!B:B,"<="&$D$2) -> 4 | D20: =IFERROR(B20/-$A$5,0) -> 0.0060995786
A21: 🍽 Ovqat | B21: =SUMIFS(Amallar!G:G,Amallar!F:F,"Chiqim",Amallar!K:K,"ovqat",Amallar!Q:Q,"<>Ha",Amallar!B:B,">="&INT($B$2),Amallar!B:B,"<="&$D$2) -> 11056000 | C21: =COUNTIFS(Amallar!F:F,"Chiqim",Amallar!K:K,"ovqat",Amallar!Q:Q,"<>Ha",Amallar!B:B,">="&INT($B$2),Amallar!B:B,"<="&$D$2) -> 115 | D21: =IFERROR(B21/-$A$5,0) -> 0.027525282
A22: 🔁 Peredelka (qayta ishlash) | B22: =SUMIFS(Amallar!G:G,Amallar!F:F,"Chiqim",Amallar!K:K,"peredelka",Amallar!Q:Q,"<>Ha",Amallar!B:B,">="&INT($B$2),Amallar!B:B,"<="&$D$2) -> 0 | C22: =COUNTIFS(Amallar!F:F,"Chiqim",Amallar!K:K,"peredelka",Amallar!Q:Q,"<>Ha",Amallar!B:B,">="&INT($B$2),Amallar!B:B,"<="&$D$2) -> 0 | D22: =IFERROR(B22/-$A$5,0) -> 0
A23: 📦 Boshqa | B23: =SUMIFS(Amallar!G:G,Amallar!F:F,"Chiqim",Amallar!K:K,"boshqa",Amallar!Q:Q,"<>Ha",Amallar!B:B,">="&INT($B$2),Amallar!B:B,"<="&$D$2) -> 390000 | C23: =COUNTIFS(Amallar!F:F,"Chiqim",Amallar!K:K,"boshqa",Amallar!Q:Q,"<>Ha",Amallar!B:B,">="&INT($B$2),Amallar!B:B,"<="&$D$2) -> 4 | D23: =IFERROR(B23/-$A$5,0) -> 0.00097095333
A24: JAMI | B24: =SUM(B9:B23) -> 401667092 | C24: =SUM(C9:C23) -> 348 | D24: =IF(B24>0,1,0) -> 1
A26: Daromadlar turlari bo'yicha
A27: Turi | B27: Summa | C27: Operatsiya | D27: Izoh
A28: 💰 Avans (yangi zakaz) | B28: =SUMIFS(Amallar!G:G,Amallar!F:F,"Kirim",Amallar!K:K,"avans",Amallar!Q:Q,"<>Ha",Amallar!B:B,">="&INT($B$2),Amallar!B:B,"<="&$D$2) -> 258528980 | C28: =COUNTIFS(Amallar!F:F,"Kirim",Amallar!K:K,"avans",Amallar!Q:Q,"<>Ha",Amallar!B:B,">="&INT($B$2),Amallar!B:B,"<="&$D$2) -> 8
A29: ✅ Qoldiq to'lov (bitgan zakaz) | B29: =SUMIFS(Amallar!G:G,Amallar!F:F,"Kirim",Amallar!K:K,"qoldiq",Amallar!Q:Q,"<>Ha",Amallar!B:B,">="&INT($B$2),Amallar!B:B,"<="&$D$2) -> 237189282 | C29: =COUNTIFS(Amallar!F:F,"Kirim",Amallar!K:K,"qoldiq",Amallar!Q:Q,"<>Ha",Amallar!B:B,">="&INT($B$2),Amallar!B:B,"<="&$D$2) -> 9
A30: 👔 Rahbardan | B30: =SUMIFS(Amallar!G:G,Amallar!F:F,"Kirim",Amallar!K:K,"rahbar",Amallar!Q:Q,"<>Ha",Amallar!B:B,">="&INT($B$2),Amallar!B:B,"<="&$D$2) -> 115784414 | C30: =COUNTIFS(Amallar!F:F,"Kirim",Amallar!K:K,"rahbar",Amallar!Q:Q,"<>Ha",Amallar!B:B,">="&INT($B$2),Amallar!B:B,"<="&$D$2) -> 23 | D30: ichki o'tkazma — daromadga kirmaydi
A31: ↩️ Qaytim / vozvrat | B31: =SUMIFS(Amallar!G:G,Amallar!F:F,"Kirim",Amallar!K:K,"qaytim",Amallar!Q:Q,"<>Ha",Amallar!B:B,">="&INT($B$2),Amallar!B:B,"<="&$D$2) -> 0 | C31: =COUNTIFS(Amallar!F:F,"Kirim",Amallar!K:K,"qaytim",Amallar!Q:Q,"<>Ha",Amallar!B:B,">="&INT($B$2),Amallar!B:B,"<="&$D$2) -> 0
A32: 📥 Boshqa kirim | B32: =SUMIFS(Amallar!G:G,Amallar!F:F,"Kirim",Amallar!K:K,"boshqa_kirim",Amallar!Q:Q,"<>Ha",Amallar!B:B,">="&INT($B$2),Amallar!B:B,"<="&$D$2) -> 8732470 | C32: =COUNTIFS(Amallar!F:F,"Kirim",Amallar!K:K,"boshqa_kirim",Amallar!Q:Q,"<>Ha",Amallar!B:B,">="&INT($B$2),Amallar!B:B,"<="&$D$2) -> 1
A34: Hamyonlar (xodimlar)
A35: Xodim | B35: Oyda berildi | C35: Oyda sarfladi | D35: Hamyonda (jami) | E35: Oylik hisob
A36: 💼 МирМуxаммад Файзуллаев (rahbar) | B36: =SUMIFS(Amallar!G:G,Amallar!D:D,443142649,Amallar!F:F,"Kirim",Amallar!Q:Q,"<>Ha",Amallar!B:B,">="&INT($B$2),Amallar!B:B,"<="&$D$2) -> 504450732 | C36: =SUMIFS(Amallar!G:G,Amallar!D:D,443142649,Amallar!F:F,"Chiqim",Amallar!K:K,"<>otkazma",Amallar!Q:Q,"<>Ha",Amallar!B:B,">="&INT($B$2),Amallar!B:B,"<="&$D$2) -> 327869325 | D36: — kassa | E36: ="—" -> —
A37: 👤 °°•• Gafurov Islom ••°° | B37: =SUMIFS(Amallar!G:G,Amallar!D:D,254366051,Amallar!F:F,"Kirim",Amallar!Q:Q,"<>Ha",Amallar!B:B,">="&INT($B$2),Amallar!B:B,"<="&$D$2) -> 100257414 | C37: =SUMIFS(Amallar!G:G,Amallar!D:D,254366051,Amallar!F:F,"Chiqim",Amallar!K:K,"<>otkazma",Amallar!Q:Q,"<>Ha",Amallar!B:B,">="&INT($B$2),Amallar!B:B,"<="&$D$2) -> 99656407 | D37: =SUMIFS(Amallar!G:G,Amallar!D:D,254366051,Amallar!F:F,"Kirim",Amallar!Q:Q,"<>Ha")-SUMIFS(Amallar!G:G,Amallar!D:D,254366051,Amallar!F:F,"Chiqim",Amallar!Q:Q,"<>Ha") -> 601007 | E37: =IF(COUNTIFS('Oylik hisob'!A:A,254366051,'Oylik hisob'!C:C,TEXT($B$2,"yyyy-mm"))>0,"✅ topshirdi","⏳ yo'q") -> ⏳ yo'q
A38: 👤 Umid Yusupov | B38: =SUMIFS(Amallar!G:G,Amallar!D:D,6156487883,Amallar!F:F,"Kirim",Amallar!Q:Q,"<>Ha",Amallar!B:B,">="&INT($B$2),Amallar!B:B,"<="&$D$2) -> 91508500 | C38: =SUMIFS(Amallar!G:G,Amallar!D:D,6156487883,Amallar!F:F,"Chiqim",Amallar!K:K,"<>otkazma",Amallar!Q:Q,"<>Ha",Amallar!B:B,">="&INT($B$2),Amallar!B:B,"<="&$D$2) -> 14901000 | D38: =SUMIFS(Amallar!G:G,Amallar!D:D,6156487883,Amallar!F:F,"Kirim",Amallar!Q:Q,"<>Ha")-SUMIFS(Amallar!G:G,Amallar!D:D,6156487883,Amallar!F:F,"Chiqim",Amallar!Q:Q,"<>Ha") -> 626000 | E38: =IF(COUNTIFS('Oylik hisob'!A:A,6156487883,'Oylik hisob'!C:C,TEXT($B$2,"yyyy-mm"))>0,"✅ topshirdi","⏳ yo'q") -> ⏳ yo'q
A39: JAMI | B39: =SUM(B36:B38) -> 696216646 | C39: =SUM(C36:C38) -> 442426732 | D39: =SUM(D36:D38) -> 1227007 | E39: =IF(C39=-$A$5+$I$5+$K$5,"✅ xarajatlar bilan teng","⚠️ farq: "&TEXT(-$A$5+$I$5+$K$5-C39,"#,##0")) -> ✅ xarajatlar bilan teng
A40: 👷 Oylik — kimga
A41: Ism | B41: Oyda berildi | C41: Bo'lim | D41: Lavozim
A42: Dilmurod | B42: =SUMIFS(Amallar!G:G,Amallar!F:F,"Chiqim",Amallar!K:K,"oylik",Amallar!R:R,"Dilmurod",Amallar!Q:Q,"<>Ha",Amallar!B:B,">="&INT($B$2),Amallar!B:B,"<="&$D$2) -> 20991106 | C42: 1-komanda (sborka-ustanovka) | D42: bosh usta
A43: Jamshid | B43: =SUMIFS(Amallar!G:G,Amallar!F:F,"Chiqim",Amallar!K:K,"oylik",Amallar!R:R,"Jamshid",Amallar!Q:Q,"<>Ha",Amallar!B:B,">="&INT($B$2),Amallar!B:B,"<="&$D$2) -> 20000 | C43: 1-komanda (sborka-ustanovka) | D43: sherik
A44: Jalol | B44: =SUMIFS(Amallar!G:G,Amallar!F:F,"Chiqim",Amallar!K:K,"oylik",Amallar!R:R,"Jalol",Amallar!Q:Q,"<>Ha",Amallar!B:B,">="&INT($B$2),Amallar!B:B,"<="&$D$2) -> 820000 | C44: 1-komanda (sborka-ustanovka) | D44: sherik
A45: Nurilla | B45: =SUMIFS(Amallar!G:G,Amallar!F:F,"Chiqim",Amallar!K:K,"oylik",Amallar!R:R,"Nurilla",Amallar!Q:Q,"<>Ha",Amallar!B:B,">="&INT($B$2),Amallar!B:B,"<="&$D$2) -> 20000 | C45: 1-komanda (sborka-ustanovka) | D45: sherik
A46: 👥 1-komanda (butun komanda) | B46: =SUMIFS(Amallar!G:G,Amallar!F:F,"Chiqim",Amallar!K:K,"oylik",Amallar!R:R,"👥 1-komanda (butun komanda)",Amallar!Q:Q,"<>Ha",Amallar!B:B,">="&INT($B$2),Amallar!B:B,"<="&$D$2) -> 0 | C46: 1-komanda (sborka-ustanovka)
A47: Mirjamol | B47: =SUMIFS(Amallar!G:G,Amallar!F:F,"Chiqim",Amallar!K:K,"oylik",Amallar!R:R,"Mirjamol",Amallar!Q:Q,"<>Ha",Amallar!B:B,">="&INT($B$2),Amallar!B:B,"<="&$D$2) -> 6014120 | C47: 2-komanda (sborka-ustanovka) | D47: bosh usta
A48: Baxodir | B48: =SUMIFS(Amallar!G:G,Amallar!F:F,"Chiqim",Amallar!K:K,"oylik",Amallar!R:R,"Baxodir",Amallar!Q:Q,"<>Ha",Amallar!B:B,">="&INT($B$2),Amallar!B:B,"<="&$D$2) -> 0 | C48: 2-komanda (sborka-ustanovka) | D48: sherik
A49: 👥 2-komanda (butun komanda) | B49: =SUMIFS(Amallar!G:G,Amallar!F:F,"Chiqim",Amallar!K:K,"oylik",Amallar!R:R,"👥 2-komanda (butun komanda)",Amallar!Q:Q,"<>Ha",Amallar!B:B,">="&INT($B$2),Amallar!B:B,"<="&$D$2) -> 0 | C49: 2-komanda (sborka-ustanovka)
A50: Jumaka | B50: =SUMIFS(Amallar!G:G,Amallar!F:F,"Chiqim",Amallar!K:K,"oylik",Amallar!R:R,"Jumaka",Amallar!Q:Q,"<>Ha",Amallar!B:B,">="&INT($B$2),Amallar!B:B,"<="&$D$2) -> 5469240 | C50: Zavod
A51: Ulug'bek aka | B51: =SUMIFS(Amallar!G:G,Amallar!F:F,"Chiqim",Amallar!K:K,"oylik",Amallar!R:R,"Ulug'bek aka",Amallar!Q:Q,"<>Ha",Amallar!B:B,">="&INT($B$2),Amallar!B:B,"<="&$D$2) -> 4970000 | C51: Zavod | D51: shofyor
A52: Elyor | B52: =SUMIFS(Amallar!G:G,Amallar!F:F,"Chiqim",Amallar!K:K,"oylik",Amallar!R:R,"Elyor",Amallar!Q:Q,"<>Ha",Amallar!B:B,">="&INT($B$2),Amallar!B:B,"<="&$D$2) -> 2225840 | C52: Zavod
A53: Muxabbat opa | B53: =SUMIFS(Amallar!G:G,Amallar!F:F,"Chiqim",Amallar!K:K,"oylik",Amallar!R:R,"Muxabbat opa",Amallar!Q:Q,"<>Ha",Amallar!B:B,">="&INT($B$2),Amallar!B:B,"<="&$D$2) -> 6290000 | C53: Zavod | D53: molyar
A54: Axmadilla | B54: =SUMIFS(Amallar!G:G,Amallar!F:F,"Chiqim",Amallar!K:K,"oylik",Amallar!R:R,"Axmadilla",Amallar!Q:Q,"<>Ha",Amallar!B:B,">="&INT($B$2),Amallar!B:B,"<="&$D$2) -> 5948950 | C54: Molyarlar | D54: molyar
A55: Jasur | B55: =SUMIFS(Amallar!G:G,Amallar!F:F,"Chiqim",Amallar!K:K,"oylik",Amallar!R:R,"Jasur",Amallar!Q:Q,"<>Ha",Amallar!B:B,">="&INT($B$2),Amallar!B:B,"<="&$D$2) -> 3589370 | C55: Molyarlar | D55: molyar
A56: Islom | B56: =SUMIFS(Amallar!G:G,Amallar!F:F,"Chiqim",Amallar!K:K,"oylik",Amallar!R:R,"Islom",Amallar!Q:Q,"<>Ha",Amallar!B:B,">="&INT($B$2),Amallar!B:B,"<="&$D$2) -> 41758030 | C56: Ofis | D56: CEO
A57: Umid | B57: =SUMIFS(Amallar!G:G,Amallar!F:F,"Chiqim",Amallar!K:K,"oylik",Amallar!R:R,"Umid",Amallar!Q:Q,"<>Ha",Amallar!B:B,">="&INT($B$2),Amallar!B:B,"<="&$D$2) -> 11459720 | C57: Ofis | D57: Pro meneger
A58: Maftuna | B58: =SUMIFS(Amallar!G:G,Amallar!F:F,"Chiqim",Amallar!K:K,"oylik",Amallar!R:R,"Maftuna",Amallar!Q:Q,"<>Ha",Amallar!B:B,">="&INT($B$2),Amallar!B:B,"<="&$D$2) -> 7186332 | C58: Ofis | D58: Bosh sotuv men.
A59: Nafisa | B59: =SUMIFS(Amallar!G:G,Amallar!F:F,"Chiqim",Amallar!K:K,"oylik",Amallar!R:R,"Nafisa",Amallar!Q:Q,"<>Ha",Amallar!B:B,">="&INT($B$2),Amallar!B:B,"<="&$D$2) -> 7312719 | C59: Ofis | D59: Sotuv men.
A60: Mumina | B60: =SUMIFS(Amallar!G:G,Amallar!F:F,"Chiqim",Amallar!K:K,"oylik",Amallar!R:R,"Mumina",Amallar!Q:Q,"<>Ha",Amallar!B:B,">="&INT($B$2),Amallar!B:B,"<="&$D$2) -> 4146200 | C60: Ofis | D60: SMM
A61: Izzatilla | B61: =SUMIFS(Amallar!G:G,Amallar!F:F,"Chiqim",Amallar!K:K,"oylik",Amallar!R:R,"Izzatilla",Amallar!Q:Q,"<>Ha",Amallar!B:B,">="&INT($B$2),Amallar!B:B,"<="&$D$2) -> 120000 | C61: Ofis | D61: Dizayner
A62: Doston | B62: =SUMIFS(Amallar!G:G,Amallar!F:F,"Chiqim",Amallar!K:K,"oylik",Amallar!R:R,"Doston",Amallar!Q:Q,"<>Ha",Amallar!B:B,">="&INT($B$2),Amallar!B:B,"<="&$D$2) -> 8070000 | C62: Ofis | D62: Konstruktor
A63: — (ism yozilmagan) | B63: =SUMIFS(Amallar!G:G,Amallar!F:F,"Chiqim",Amallar!K:K,"oylik",Amallar!R:R,"",Amallar!Q:Q,"<>Ha",Amallar!B:B,">="&INT($B$2),Amallar!B:B,"<="&$D$2) -> 0
A64: JAMI oylik | B64: =SUM(B42:B63) -> 136411627
A66: Oylar bo'yicha (12 oy)
A67: Oy | B67: Daromad | C67: Xarajat | D67: Balans
A68: =EDATE($B$2,-11) -> 45962 | B68: =SUMIFS(Amallar!G:G,Amallar!F:F,"Kirim",Amallar!K:K,"<>rahbar",Amallar!K:K,"<>otkazma",Amallar!Q:Q,"<>Ha",Amallar!B:B,">="&A68,Amallar!B:B,"<="&EOMONTH(A68,0)) -> 0 | C68: =SUMIFS(Amallar!G:G,Amallar!F:F,"Chiqim",Amallar!K:K,"<>otkazma",Amallar!K:K,"<>rahbarga",Amallar!K:K,"<>uy",Amallar!Q:Q,"<>Ha",Amallar!B:B,">="&A68,Amallar!B:B,"<="&EOMONTH(A68,0)) -> 0 | D68: =B68-C68 -> 0
A69: =EDATE($B$2,-10) -> 45992 | B69: =SUMIFS(Amallar!G:G,Amallar!F:F,"Kirim",Amallar!K:K,"<>rahbar",Amallar!K:K,"<>otkazma",Amallar!Q:Q,"<>Ha",Amallar!B:B,">="&A69,Amallar!B:B,"<="&EOMONTH(A69,0)) -> 0 | C69: =SUMIFS(Amallar!G:G,Amallar!F:F,"Chiqim",Amallar!K:K,"<>otkazma",Amallar!K:K,"<>rahbarga",Amallar!K:K,"<>uy",Amallar!Q:Q,"<>Ha",Amallar!B:B,">="&A69,Amallar!B:B,"<="&EOMONTH(A69,0)) -> 0 | D69: =B69-C69 -> 0
A70: =EDATE($B$2,-9) -> 46023 | B70: =SUMIFS(Amallar!G:G,Amallar!F:F,"Kirim",Amallar!K:K,"<>rahbar",Amallar!K:K,"<>otkazma",Amallar!Q:Q,"<>Ha",Amallar!B:B,">="&A70,Amallar!B:B,"<="&EOMONTH(A70,0)) -> 0 | C70: =SUMIFS(Amallar!G:G,Amallar!F:F,"Chiqim",Amallar!K:K,"<>otkazma",Amallar!K:K,"<>rahbarga",Amallar!K:K,"<>uy",Amallar!Q:Q,"<>Ha",Amallar!B:B,">="&A70,Amallar!B:B,"<="&EOMONTH(A70,0)) -> 0 | D70: =B70-C70 -> 0
A71: =EDATE($B$2,-8) -> 46054 | B71: =SUMIFS(Amallar!G:G,Amallar!F:F,"Kirim",Amallar!K:K,"<>rahbar",Amallar!K:K,"<>otkazma",Amallar!Q:Q,"<>Ha",Amallar!B:B,">="&A71,Amallar!B:B,"<="&EOMONTH(A71,0)) -> 0 | C71: =SUMIFS(Amallar!G:G,Amallar!F:F,"Chiqim",Amallar!K:K,"<>otkazma",Amallar!K:K,"<>rahbarga",Amallar!K:K,"<>uy",Amallar!Q:Q,"<>Ha",Amallar!B:B,">="&A71,Amallar!B:B,"<="&EOMONTH(A71,0)) -> 0 | D71: =B71-C71 -> 0
A72: =EDATE($B$2,-7) -> 46082 | B72: =SUMIFS(Amallar!G:G,Amallar!F:F,"Kirim",Amallar!K:K,"<>rahbar",Amallar!K:K,"<>otkazma",Amallar!Q:Q,"<>Ha",Amallar!B:B,">="&A72,Amallar!B:B,"<="&EOMONTH(A72,0)) -> 0 | C72: =SUMIFS(Amallar!G:G,Amallar!F:F,"Chiqim",Amallar!K:K,"<>otkazma",Amallar!K:K,"<>rahbarga",Amallar!K:K,"<>uy",Amallar!Q:Q,"<>Ha",Amallar!B:B,">="&A72,Amallar!B:B,"<="&EOMONTH(A72,0)) -> 0 | D72: =B72-C72 -> 0
A73: =EDATE($B$2,-6) -> 46113 | B73: =SUMIFS(Amallar!G:G,Amallar!F:F,"Kirim",Amallar!K:K,"<>rahbar",Amallar!K:K,"<>otkazma",Amallar!Q:Q,"<>Ha",Amallar!B:B,">="&A73,Amallar!B:B,"<="&EOMONTH(A73,0)) -> 0 | C73: =SUMIFS(Amallar!G:G,Amallar!F:F,"Chiqim",Amallar!K:K,"<>otkazma",Amallar!K:K,"<>rahbarga",Amallar!K:K,"<>uy",Amallar!Q:Q,"<>Ha",Amallar!B:B,">="&A73,Amallar!B:B,"<="&EOMONTH(A73,0)) -> 0 | D73: =B73-C73 -> 0
A74: =EDATE($B$2,-5) -> 46143 | B74: =SUMIFS(Amallar!G:G,Amallar!F:F,"Kirim",Amallar!K:K,"<>rahbar",Amallar!K:K,"<>otkazma",Amallar!Q:Q,"<>Ha",Amallar!B:B,">="&A74,Amallar!B:B,"<="&EOMONTH(A74,0)) -> 0 | C74: =SUMIFS(Amallar!G:G,Amallar!F:F,"Chiqim",Amallar!K:K,"<>otkazma",Amallar!K:K,"<>rahbarga",Amallar!K:K,"<>uy",Amallar!Q:Q,"<>Ha",Amallar!B:B,">="&A74,Amallar!B:B,"<="&EOMONTH(A74,0)) -> 0 | D74: =B74-C74 -> 0
A75: =EDATE($B$2,-4) -> 46174 | B75: =SUMIFS(Amallar!G:G,Amallar!F:F,"Kirim",Amallar!K:K,"<>rahbar",Amallar!K:K,"<>otkazma",Amallar!Q:Q,"<>Ha",Amallar!B:B,">="&A75,Amallar!B:B,"<="&EOMONTH(A75,0)) -> 0 | C75: =SUMIFS(Amallar!G:G,Amallar!F:F,"Chiqim",Amallar!K:K,"<>otkazma",Amallar!K:K,"<>rahbarga",Amallar!K:K,"<>uy",Amallar!Q:Q,"<>Ha",Amallar!B:B,">="&A75,Amallar!B:B,"<="&EOMONTH(A75,0)) -> 0 | D75: =B75-C75 -> 0
A76: =EDATE($B$2,-3) -> 46204 | B76: =SUMIFS(Amallar!G:G,Amallar!F:F,"Kirim",Amallar!K:K,"<>rahbar",Amallar!K:K,"<>otkazma",Amallar!Q:Q,"<>Ha",Amallar!B:B,">="&A76,Amallar!B:B,"<="&EOMONTH(A76,0)) -> 0 | C76: =SUMIFS(Amallar!G:G,Amallar!F:F,"Chiqim",Amallar!K:K,"<>otkazma",Amallar!K:K,"<>rahbarga",Amallar!K:K,"<>uy",Amallar!Q:Q,"<>Ha",Amallar!B:B,">="&A76,Amallar!B:B,"<="&EOMONTH(A76,0)) -> 0 | D76: =B76-C76 -> 0
A77: =EDATE($B$2,-2) -> 46235 | B77: =SUMIFS(Amallar!G:G,Amallar!F:F,"Kirim",Amallar!K:K,"<>rahbar",Amallar!K:K,"<>otkazma",Amallar!Q:Q,"<>Ha",Amallar!B:B,">="&A77,Amallar!B:B,"<="&EOMONTH(A77,0)) -> 0 | C77: =SUMIFS(Amallar!G:G,Amallar!F:F,"Chiqim",Amallar!K:K,"<>otkazma",Amallar!K:K,"<>rahbarga",Amallar!K:K,"<>uy",Amallar!Q:Q,"<>Ha",Amallar!B:B,">="&A77,Amallar!B:B,"<="&EOMONTH(A77,0)) -> 0 | D77: =B77-C77 -> 0
A78: =EDATE($B$2,-1) -> 46266 | B78: =SUMIFS(Amallar!G:G,Amallar!F:F,"Kirim",Amallar!K:K,"<>rahbar",Amallar!K:K,"<>otkazma",Amallar!Q:Q,"<>Ha",Amallar!B:B,">="&A78,Amallar!B:B,"<="&EOMONTH(A78,0)) -> 0 | C78: =SUMIFS(Amallar!G:G,Amallar!F:F,"Chiqim",Amallar!K:K,"<>otkazma",Amallar!K:K,"<>rahbarga",Amallar!K:K,"<>uy",Amallar!Q:Q,"<>Ha",Amallar!B:B,">="&A78,Amallar!B:B,"<="&EOMONTH(A78,0)) -> 0 | D78: =B78-C78 -> 0
A79: =EDATE($B$2,0) -> 46296 | B79: =SUMIFS(Amallar!G:G,Amallar!F:F,"Kirim",Amallar!K:K,"<>rahbar",Amallar!K:K,"<>otkazma",Amallar!Q:Q,"<>Ha",Amallar!B:B,">="&A79,Amallar!B:B,"<="&EOMONTH(A79,0)) -> 504450732 | C79: =SUMIFS(Amallar!G:G,Amallar!F:F,"Chiqim",Amallar!K:K,"<>otkazma",Amallar!K:K,"<>rahbarga",Amallar!K:K,"<>uy",Amallar!Q:Q,"<>Ha",Amallar!B:B,">="&A79,Amallar!B:B,"<="&EOMONTH(A79,0)) -> 401667092 | D79: =B79-C79 -> 102783640

Sheet Xarajat puli
A1: 💸 Xarajat puli — ish uchun bergan pullaringiz (oylikka qo'shilmaydi) | P1: =IFERROR(__xludf.DUMMYFUNCTION("IFERROR(FILTER(Xodimlar!B2:B500,Xodimlar!D2:D500=""xodim""),"""")"),"°°•• Gafurov Islom ••°°") -> °°•• Gafurov Islom ••°°
A2: Oyliklari alohida: «👷 Ishchi kartasi» (Islom, Umid). Bu yerda faqat siz ish xarajati uchun bergan pul va u nimaga sarflangani. | P2: =IFERROR(__xludf.DUMMYFUNCTION("""COMPUTED_VALUE"""),"Umid Yusupov") -> Umid Yusupov
A3: 👤 Xodimni tanlang: | B3: °°•• Gafurov Islom ••°° | E3: ← katakni bosing: Umid Yusupov yoki Gafurov Islom | P3: =IFERROR(__xludf.DUMMYFUNCTION("""COMPUTED_VALUE"""),"Maftuna Turgʻunboyeva") -> Maftuna Turgʻunboyeva
A4: 📅 Davr: | B4: 46023 | C4: gacha: | D4: 46387 | E4: ← ikkala sanani ham ikki marta bosing — kalendar ochiladi | P4: =IFERROR(__xludf.DUMMYFUNCTION("""COMPUTED_VALUE"""),"NAFISA") -> NAFISA
A6: 💸 Sizdan olgan | B6: 🔴 Ish uchun sarflagan | C6: 👛 Qo'lida qolgan | D6: 📝 Necha marta olgan
A7: =SUMIFS(Amallar!G:G,Amallar!E:E,$B$3,Amallar!F:F,"Kirim",Amallar!K:K,"rahbar",Amallar!Q:Q,"<>Ha",Amallar!B:B,">="&$B$4,Amallar!B:B,"<"&($D$4+1)) -> 100257414 | B7: =SUMIFS(Amallar!G:G,Amallar!E:E,$B$3,Amallar!F:F,"Chiqim",Amallar!Q:Q,"<>Ha",Amallar!B:B,">="&$B$4,Amallar!B:B,"<"&($D$4+1)) -> 99656407 | C7: =SUMIFS(Amallar!G:G,Amallar!E:E,$B$3,Amallar!F:F,"Kirim",Amallar!Q:Q,"<>Ha")-SUMIFS(Amallar!G:G,Amallar!E:E,$B$3,Amallar!F:F,"Chiqim",Amallar!Q:Q,"<>Ha") -> 601007 | D7: =COUNTIFS(Amallar!E:E,$B$3,Amallar!F:F,"Kirim",Amallar!K:K,"rahbar",Amallar!Q:Q,"<>Ha",Amallar!B:B,">="&$B$4,Amallar!B:B,"<"&($D$4+1)) -> 13
A9: 📥 Sizdan olgan pullari | F9: 🔴 Nimaga sarflagan (har biri) | M9: 📊 Turlari bo'yicha
A10: Sana | B10: Summa (so'm) | C10: Dollarda | D10: Sabab / izoh | F10: Sana | G10: Vaqt | H10: Turi | I10: Summa (so'm) | J10: Buyurtma ID | K10: Izoh
A11: =IFERROR(__xludf.DUMMYFUNCTION("IFERROR(ARRAYFORMULA(SORT(FILTER({Amallar!B2:B500,Amallar!G2:G500,IF(Amallar!H2:H500=""USD"",Amallar!I2:I500&"" $"",""""),Amallar!N2:N500},Amallar!E2:E500=$B$3,Amallar!F2:F500=""Kirim"",Amallar!K2:K500=""rahbar"",Amallar!Q2:Q500<>""Ha"",Amallar!B2:B500>=$"&"B$4,Amallar!B2:B500<$D$4+1),1,FALSE)),""— yozuv yo'q"")"),46321.0) -> 46321 | B11: =IFERROR(__xludf.DUMMYFUNCTION("""COMPUTED_VALUE"""),1200000.0) -> 1200000 | C11: =IFERROR(__xludf.DUMMYFUNCTION("""COMPUTED_VALUE"""),"") | D11: =IFERROR(__xludf.DUMMYFUNCTION("""COMPUTED_VALUE"""),"So'rov #12: Харажатга") -> So'rov #12: Харажатга | F11: =IFERROR(__xludf.DUMMYFUNCTION("IFERROR(SORT(FILTER({Amallar!B2:B500,Amallar!C2:C500,Amallar!L2:L500,Amallar!G2:G500,Amallar!M2:M500,Amallar!N2:N500},Amallar!E2:E500=$B$3,Amallar!F2:F500=""Chiqim"",Amallar!Q2:Q500<>""Ha"",Amallar!B2:B500>=$B$4,Amallar!B2:B500<$D$4+1),1,FALSE,2,FALSE),"""&"— sarf yo'q"")"),46322.0) -> 46322 | G11: =IFERROR(__xludf.DUMMYFUNCTION("""COMPUTED_VALUE"""),0.6493055555555556) -> 0.64930556 | H11: =IFERROR(__xludf.DUMMYFUNCTION("""COMPUTED_VALUE"""),"Заказ материал") -> Заказ материал | I11: =IFERROR(__xludf.DUMMYFUNCTION("""COMPUTED_VALUE"""),516000.0) -> 516000 | J11: =IFERROR(__xludf.DUMMYFUNCTION("""COMPUTED_VALUE"""),389.0) -> 389 | K11: =IFERROR(__xludf.DUMMYFUNCTION("""COMPUTED_VALUE"""),"Мдф декор овал") -> Мдф декор овал | M11: =IFERROR(__xludf.DUMMYFUNCTION("IFERROR(QUERY(FILTER({Amallar!L2:L500,Amallar!G2:G500},Amallar!E2:E500=$B$3,Amallar!F2:F500=""Chiqim"",Amallar!Q2:Q500<>""Ha"",Amallar!B2:B500>=$B$4,Amallar!B2:B500<$D$4+1),""select Col1, sum(Col2), count(Col2) group by Col1 order by sum(Col2) desc label "&"Col1 'Turi', sum(Col2) 'Summa', count(Col2) 'Soni'"",0),""—"")"),"Turi") -> Turi | N11: =IFERROR(__xludf.DUMMYFUNCTION("""COMPUTED_VALUE"""),"Summa") -> Summa | O11: =IFERROR(__xludf.DUMMYFUNCTION("""COMPUTED_VALUE"""),"Soni") -> Soni
A12: =IFERROR(__xludf.DUMMYFUNCTION("""COMPUTED_VALUE"""),46319.0) -> 46319 | B12: =IFERROR(__xludf.DUMMYFUNCTION("""COMPUTED_VALUE"""),3570000.0) -> 3570000 | C12: =IFERROR(__xludf.DUMMYFUNCTION("""COMPUTED_VALUE"""),"300 $") -> 300 $ | D12: =IFERROR(__xludf.DUMMYFUNCTION("""COMPUTED_VALUE"""),"So'rov #11: Харажатга") -> So'rov #11: Харажатга | F12: =IFERROR(__xludf.DUMMYFUNCTION("""COMPUTED_VALUE"""),46322.0) -> 46322 | G12: =IFERROR(__xludf.DUMMYFUNCTION("""COMPUTED_VALUE"""),0.6145833333333334) -> 0.61458333 | H12: =IFERROR(__xludf.DUMMYFUNCTION("""COMPUTED_VALUE"""),"Ovqat") -> Ovqat | I12: =IFERROR(__xludf.DUMMYFUNCTION("""COMPUTED_VALUE"""),35000.0) -> 35000 | K12: =IFERROR(__xludf.DUMMYFUNCTION("""COMPUTED_VALUE"""),"Обед озим") -> Обед озим | M12: =IFERROR(__xludf.DUMMYFUNCTION("""COMPUTED_VALUE"""),"Заказ материал") -> Заказ материал | N12: =IFERROR(__xludf.DUMMYFUNCTION("""COMPUTED_VALUE"""),4.0786E7) -> 40786000 | O12: =IFERROR(__xludf.DUMMYFUNCTION("""COMPUTED_VALUE"""),4.0) -> 4
A13: =IFERROR(__xludf.DUMMYFUNCTION("""COMPUTED_VALUE"""),46318.0) -> 46318 | B13: =IFERROR(__xludf.DUMMYFUNCTION("""COMPUTED_VALUE"""),1200000.0) -> 1200000 | C13: =IFERROR(__xludf.DUMMYFUNCTION("""COMPUTED_VALUE"""),"") | D13: =IFERROR(__xludf.DUMMYFUNCTION("""COMPUTED_VALUE"""),"So'rov #10: Харажатга") -> So'rov #10: Харажатга | F13: =IFERROR(__xludf.DUMMYFUNCTION("""COMPUTED_VALUE"""),46321.0) -> 46321 | G13: =IFERROR(__xludf.DUMMYFUNCTION("""COMPUTED_VALUE"""),0.8965277777777778) -> 0.89652778 | H13: =IFERROR(__xludf.DUMMYFUNCTION("""COMPUTED_VALUE"""),"Ойлик (ish haqi)") -> Ойлик (ish haqi) | I13: =IFERROR(__xludf.DUMMYFUNCTION("""COMPUTED_VALUE"""),200000.0) -> 200000 | K13: =IFERROR(__xludf.DUMMYFUNCTION("""COMPUTED_VALUE"""),"Ойлик") -> Ойлик | M13: =IFERROR(__xludf.DUMMYFUNCTION("""COMPUTED_VALUE"""),"Usluga (xizmatlar)") -> Usluga (xizmatlar) | N13: =IFERROR(__xludf.DUMMYFUNCTION("""COMPUTED_VALUE"""),3.0612486E7) -> 30612486 | O13: =IFERROR(__xludf.DUMMYFUNCTION("""COMPUTED_VALUE"""),14.0) -> 14
A14: =IFERROR(__xludf.DUMMYFUNCTION("""COMPUTED_VALUE"""),46314.0) -> 46314 | B14: =IFERROR(__xludf.DUMMYFUNCTION("""COMPUTED_VALUE"""),1205590.0) -> 1205590 | C14: =IFERROR(__xludf.DUMMYFUNCTION("""COMPUTED_VALUE"""),"100 $") -> 100 $ | D14: =IFERROR(__xludf.DUMMYFUNCTION("""COMPUTED_VALUE"""),"So'rov #9: харажатга") -> So'rov #9: харажатга | F14: =IFERROR(__xludf.DUMMYFUNCTION("""COMPUTED_VALUE"""),46321.0) -> 46321 | G14: =IFERROR(__xludf.DUMMYFUNCTION("""COMPUTED_VALUE"""),0.7263888888888889) -> 0.72638889 | H14: =IFERROR(__xludf.DUMMYFUNCTION("""COMPUTED_VALUE"""),"Zapravka") -> Zapravka | I14: =IFERROR(__xludf.DUMMYFUNCTION("""COMPUTED_VALUE"""),252000.0) -> 252000 | K14: =IFERROR(__xludf.DUMMYFUNCTION("""COMPUTED_VALUE"""),"Газ") -> Газ | M14: =IFERROR(__xludf.DUMMYFUNCTION("""COMPUTED_VALUE"""),"Furnitura") -> Furnitura | N14: =IFERROR(__xludf.DUMMYFUNCTION("""COMPUTED_VALUE"""),1.8926E7) -> 18926000 | O14: =IFERROR(__xludf.DUMMYFUNCTION("""COMPUTED_VALUE"""),20.0) -> 20
A15: =IFERROR(__xludf.DUMMYFUNCTION("""COMPUTED_VALUE"""),46314.0) -> 46314 | B15: =IFERROR(__xludf.DUMMYFUNCTION("""COMPUTED_VALUE"""),6.75E7) -> 67500000 | C15: =IFERROR(__xludf.DUMMYFUNCTION("""COMPUTED_VALUE"""),"5625 $") -> 5625 $ | D15: =IFERROR(__xludf.DUMMYFUNCTION("""COMPUTED_VALUE"""),"Qarzlaga") -> Qarzlaga | F15: =IFERROR(__xludf.DUMMYFUNCTION("""COMPUTED_VALUE"""),46321.0) -> 46321 | G15: =IFERROR(__xludf.DUMMYFUNCTION("""COMPUTED_VALUE"""),0.7256944444444444) -> 0.72569444 | H15: =IFERROR(__xludf.DUMMYFUNCTION("""COMPUTED_VALUE"""),"Zapravka") -> Zapravka | I15: =IFERROR(__xludf.DUMMYFUNCTION("""COMPUTED_VALUE"""),402000.0) -> 402000 | K15: =IFERROR(__xludf.DUMMYFUNCTION("""COMPUTED_VALUE"""),"Газ") -> Газ | M15: =IFERROR(__xludf.DUMMYFUNCTION("""COMPUTED_VALUE"""),"Zapravka") -> Zapravka | N15: =IFERROR(__xludf.DUMMYFUNCTION("""COMPUTED_VALUE"""),4635000.0) -> 4635000 | O15: =IFERROR(__xludf.DUMMYFUNCTION("""COMPUTED_VALUE"""),17.0) -> 17
A16: =IFERROR(__xludf.DUMMYFUNCTION("""COMPUTED_VALUE"""),46313.0) -> 46313 | B16: =IFERROR(__xludf.DUMMYFUNCTION("""COMPUTED_VALUE"""),1196000.0) -> 1196000 | C16: =IFERROR(__xludf.DUMMYFUNCTION("""COMPUTED_VALUE"""),"100 $") -> 100 $ | D16: =IFERROR(__xludf.DUMMYFUNCTION("""COMPUTED_VALUE"""),"Расход") -> Расход | F16: =IFERROR(__xludf.DUMMYFUNCTION("""COMPUTED_VALUE"""),46321.0) -> 46321 | G16: =IFERROR(__xludf.DUMMYFUNCTION("""COMPUTED_VALUE"""),0.4583333333333333) -> 0.45833333 | H16: =IFERROR(__xludf.DUMMYFUNCTION("""COMPUTED_VALUE"""),"Kommunal xizmatlar") -> Kommunal xizmatlar | I16: =IFERROR(__xludf.DUMMYFUNCTION("""COMPUTED_VALUE"""),50000.0) -> 50000 | K16: =IFERROR(__xludf.DUMMYFUNCTION("""COMPUTED_VALUE"""),"Газ ишхона") -> Газ ишхона | M16: =IFERROR(__xludf.DUMMYFUNCTION("""COMPUTED_VALUE"""),"Ойлик (ish haqi)") -> Ойлик (ish haqi) | N16: =IFERROR(__xludf.DUMMYFUNCTION("""COMPUTED_VALUE"""),2452000.0) -> 2452000 | O16: =IFERROR(__xludf.DUMMYFUNCTION("""COMPUTED_VALUE"""),26.0) -> 26
A17: =IFERROR(__xludf.DUMMYFUNCTION("""COMPUTED_VALUE"""),46310.0) -> 46310 | B17: =IFERROR(__xludf.DUMMYFUNCTION("""COMPUTED_VALUE"""),1790000.0) -> 1790000 | C17: =IFERROR(__xludf.DUMMYFUNCTION("""COMPUTED_VALUE"""),"") | D17: =IFERROR(__xludf.DUMMYFUNCTION("""COMPUTED_VALUE"""),"So'rov #7: Расходга") -> So'rov #7: Расходга | F17: =IFERROR(__xludf.DUMMYFUNCTION("""COMPUTED_VALUE"""),46321.0) -> 46321 | G17: =IFERROR(__xludf.DUMMYFUNCTION("""COMPUTED_VALUE"""),0.4576388888888889) -> 0.45763889 | H17: =IFERROR(__xludf.DUMMYFUNCTION("""COMPUTED_VALUE"""),"Zapravka") -> Zapravka | I17: =IFERROR(__xludf.DUMMYFUNCTION("""COMPUTED_VALUE"""),100000.0) -> 100000 | K17: =IFERROR(__xludf.DUMMYFUNCTION("""COMPUTED_VALUE"""),"Райхоникига бензин") -> Райхоникига бензин | M17: =IFERROR(__xludf.DUMMYFUNCTION("""COMPUTED_VALUE"""),"Ovqat") -> Ovqat | N17: =IFERROR(__xludf.DUMMYFUNCTION("""COMPUTED_VALUE"""),1251000.0) -> 1251000 | O17: =IFERROR(__xludf.DUMMYFUNCTION("""COMPUTED_VALUE"""),24.0) -> 24
A18: =IFERROR(__xludf.DUMMYFUNCTION("""COMPUTED_VALUE"""),46309.0) -> 46309 | B18: =IFERROR(__xludf.DUMMYFUNCTION("""COMPUTED_VALUE"""),1200000.0) -> 1200000 | C18: =IFERROR(__xludf.DUMMYFUNCTION("""COMPUTED_VALUE"""),"") | D18: =IFERROR(__xludf.DUMMYFUNCTION("""COMPUTED_VALUE"""),"So'rov #5: Расходша") -> So'rov #5: Расходша | F18: =IFERROR(__xludf.DUMMYFUNCTION("""COMPUTED_VALUE"""),46321.0) -> 46321 | G18: =IFERROR(__xludf.DUMMYFUNCTION("""COMPUTED_VALUE"""),0.4576388888888889) -> 0.45763889 | H18: =IFERROR(__xludf.DUMMYFUNCTION("""COMPUTED_VALUE"""),"Kommunal xizmatlar") -> Kommunal xizmatlar | I18: =IFERROR(__xludf.DUMMYFUNCTION("""COMPUTED_VALUE"""),50000.0) -> 50000 | K18: =IFERROR(__xludf.DUMMYFUNCTION("""COMPUTED_VALUE"""),"Свет ишхона") -> Свет ишхона | M18: =IFERROR(__xludf.DUMMYFUNCTION("""COMPUTED_VALUE"""),"Kommunal xizmatlar") -> Kommunal xizmatlar | N18: =IFERROR(__xludf.DUMMYFUNCTION("""COMPUTED_VALUE"""),553921.0) -> 553921 | O18: =IFERROR(__xludf.DUMMYFUNCTION("""COMPUTED_VALUE"""),10.0) -> 10
A19: =IFERROR(__xludf.DUMMYFUNCTION("""COMPUTED_VALUE"""),46305.0) -> 46305 | B19: =IFERROR(__xludf.DUMMYFUNCTION("""COMPUTED_VALUE"""),1180000.0) -> 1180000 | C19: =IFERROR(__xludf.DUMMYFUNCTION("""COMPUTED_VALUE"""),"100 $") -> 100 $ | D19: =IFERROR(__xludf.DUMMYFUNCTION("""COMPUTED_VALUE"""),"Расход") -> Расход | F19: =IFERROR(__xludf.DUMMYFUNCTION("""COMPUTED_VALUE"""),46320.0) -> 46320 | G19: =IFERROR(__xludf.DUMMYFUNCTION("""COMPUTED_VALUE"""),0.46875) -> 0.46875 | H19: =IFERROR(__xludf.DUMMYFUNCTION("""COMPUTED_VALUE"""),"Boshqa") -> Boshqa | I19: =IFERROR(__xludf.DUMMYFUNCTION("""COMPUTED_VALUE"""),110000.0) -> 110000 | K19: =IFERROR(__xludf.DUMMYFUNCTION("""COMPUTED_VALUE"""),"Штраф чанган Жумака") -> Штраф чанган Жумака | M19: =IFERROR(__xludf.DUMMYFUNCTION("""COMPUTED_VALUE"""),"Boshqa") -> Boshqa | N19: =IFERROR(__xludf.DUMMYFUNCTION("""COMPUTED_VALUE"""),240000.0) -> 240000 | O19: =IFERROR(__xludf.DUMMYFUNCTION("""COMPUTED_VALUE"""),3.0) -> 3
A20: =IFERROR(__xludf.DUMMYFUNCTION("""COMPUTED_VALUE"""),46305.0) -> 46305 | B20: =IFERROR(__xludf.DUMMYFUNCTION("""COMPUTED_VALUE"""),1.665706E7) -> 16657060 | C20: =IFERROR(__xludf.DUMMYFUNCTION("""COMPUTED_VALUE"""),"1400 $") -> 1400 $ | D20: =IFERROR(__xludf.DUMMYFUNCTION("""COMPUTED_VALUE"""),"Азимга") -> Азимга | F20: =IFERROR(__xludf.DUMMYFUNCTION("""COMPUTED_VALUE"""),46320.0) -> 46320 | G20: =IFERROR(__xludf.DUMMYFUNCTION("""COMPUTED_VALUE"""),0.41875) -> 0.41875 | H20: =IFERROR(__xludf.DUMMYFUNCTION("""COMPUTED_VALUE"""),"Furnitura") -> Furnitura | I20: =IFERROR(__xludf.DUMMYFUNCTION("""COMPUTED_VALUE"""),809200.0) -> 809200 | J20: =IFERROR(__xludf.DUMMYFUNCTION("""COMPUTED_VALUE"""),402.0) -> 402 | K20: =IFERROR(__xludf.DUMMYFUNCTION("""COMPUTED_VALUE"""),"Краска") -> Краска | M20: =IFERROR(__xludf.DUMMYFUNCTION("""COMPUTED_VALUE"""),"Rahbarga (shaxsiy)") -> Rahbarga (shaxsiy) | N20: =IFERROR(__xludf.DUMMYFUNCTION("""COMPUTED_VALUE"""),100000.0) -> 100000 | O20: =IFERROR(__xludf.DUMMYFUNCTION("""COMPUTED_VALUE"""),3.0) -> 3
A21: =IFERROR(__xludf.DUMMYFUNCTION("""COMPUTED_VALUE"""),46304.0) -> 46304 | B21: =IFERROR(__xludf.DUMMYFUNCTION("""COMPUTED_VALUE"""),1200000.0) -> 1200000 | C21: =IFERROR(__xludf.DUMMYFUNCTION("""COMPUTED_VALUE"""),"") | D21: =IFERROR(__xludf.DUMMYFUNCTION("""COMPUTED_VALUE"""),"So'rov #2: Харажатга") -> So'rov #2: Харажатга | F21: =IFERROR(__xludf.DUMMYFUNCTION("""COMPUTED_VALUE"""),46320.0) -> 46320 | G21: =IFERROR(__xludf.DUMMYFUNCTION("""COMPUTED_VALUE"""),0.41805555555555557) -> 0.41805556 | H21: =IFERROR(__xludf.DUMMYFUNCTION("""COMPUTED_VALUE"""),"Furnitura") -> Furnitura | I21: =IFERROR(__xludf.DUMMYFUNCTION("""COMPUTED_VALUE"""),1689800.0) -> 1689800 | J21: =IFERROR(__xludf.DUMMYFUNCTION("""COMPUTED_VALUE"""),392.0) -> 392 | K21: =IFERROR(__xludf.DUMMYFUNCTION("""COMPUTED_VALUE"""),"Астар раствор") -> Астар раствор | M21: =IFERROR(__xludf.DUMMYFUNCTION("""COMPUTED_VALUE"""),"Mashina / dostavka") -> Mashina / dostavka | N21: =IFERROR(__xludf.DUMMYFUNCTION("""COMPUTED_VALUE"""),50000.0) -> 50000 | O21: =IFERROR(__xludf.DUMMYFUNCTION("""COMPUTED_VALUE"""),1.0) -> 1
A22: =IFERROR(__xludf.DUMMYFUNCTION("""COMPUTED_VALUE"""),46303.0) -> 46303 | B22: =IFERROR(__xludf.DUMMYFUNCTION("""COMPUTED_VALUE"""),1180919.0) -> 1180919 | C22: =IFERROR(__xludf.DUMMYFUNCTION("""COMPUTED_VALUE"""),"100 $") -> 100 $ | D22: =IFERROR(__xludf.DUMMYFUNCTION("""COMPUTED_VALUE"""),"Расход га") -> Расход га | F22: =IFERROR(__xludf.DUMMYFUNCTION("""COMPUTED_VALUE"""),46320.0) -> 46320 | G22: =IFERROR(__xludf.DUMMYFUNCTION("""COMPUTED_VALUE"""),0.4173611111111111) -> 0.41736111 | H22: =IFERROR(__xludf.DUMMYFUNCTION("""COMPUTED_VALUE"""),"Rahbarga (shaxsiy)") -> Rahbarga (shaxsiy) | I22: =IFERROR(__xludf.DUMMYFUNCTION("""COMPUTED_VALUE"""),45000.0) -> 45000 | K22: =IFERROR(__xludf.DUMMYFUNCTION("""COMPUTED_VALUE"""),"Обед") -> Обед | M22: =IFERROR(__xludf.DUMMYFUNCTION("""COMPUTED_VALUE"""),"Remont avto") -> Remont avto | N22: =IFERROR(__xludf.DUMMYFUNCTION("""COMPUTED_VALUE"""),50000.0) -> 50000 | O22: =IFERROR(__xludf.DUMMYFUNCTION("""COMPUTED_VALUE"""),1.0) -> 1
A23: =IFERROR(__xludf.DUMMYFUNCTION("""COMPUTED_VALUE"""),46301.0) -> 46301 | B23: =IFERROR(__xludf.DUMMYFUNCTION("""COMPUTED_VALUE"""),1177845.0) -> 1177845 | C23: =IFERROR(__xludf.DUMMYFUNCTION("""COMPUTED_VALUE"""),"100 $") -> 100 $ | D23: =IFERROR(__xludf.DUMMYFUNCTION("""COMPUTED_VALUE"""),"Расход") -> Расход | F23: =IFERROR(__xludf.DUMMYFUNCTION("""COMPUTED_VALUE"""),46320.0) -> 46320 | G23: =IFERROR(__xludf.DUMMYFUNCTION("""COMPUTED_VALUE"""),0.4166666666666667) -> 0.41666667 | H23: =IFERROR(__xludf.DUMMYFUNCTION("""COMPUTED_VALUE"""),"Ovqat") -> Ovqat | I23: =IFERROR(__xludf.DUMMYFUNCTION("""COMPUTED_VALUE"""),35000.0) -> 35000 | K23: =IFERROR(__xludf.DUMMYFUNCTION("""COMPUTED_VALUE"""),"Обед 24.10.26") -> Обед 24.10.26
F24: =IFERROR(__xludf.DUMMYFUNCTION("""COMPUTED_VALUE"""),46319.0) -> 46319 | G24: =IFERROR(__xludf.DUMMYFUNCTION("""COMPUTED_VALUE"""),0.5951388888888889) -> 0.59513889 | H24: =IFERROR(__xludf.DUMMYFUNCTION("""COMPUTED_VALUE"""),"Zapravka") -> Zapravka | I24: =IFERROR(__xludf.DUMMYFUNCTION("""COMPUTED_VALUE"""),232000.0) -> 232000 | K24: =IFERROR(__xludf.DUMMYFUNCTION("""COMPUTED_VALUE"""),"Газ") -> Газ
F25: =IFERROR(__xludf.DUMMYFUNCTION("""COMPUTED_VALUE"""),46319.0) -> 46319 | G25: =IFERROR(__xludf.DUMMYFUNCTION("""COMPUTED_VALUE"""),0.5763888888888888) -> 0.57638889 | H25: =IFERROR(__xludf.DUMMYFUNCTION("""COMPUTED_VALUE"""),"Furnitura") -> Furnitura | I25: =IFERROR(__xludf.DUMMYFUNCTION("""COMPUTED_VALUE"""),30000.0) -> 30000 | J25: =IFERROR(__xludf.DUMMYFUNCTION("""COMPUTED_VALUE"""),397.0) -> 397 | K25: =IFERROR(__xludf.DUMMYFUNCTION("""COMPUTED_VALUE"""),"Стик") -> Стик
F26: =IFERROR(__xludf.DUMMYFUNCTION("""COMPUTED_VALUE"""),46319.0) -> 46319 | G26: =IFERROR(__xludf.DUMMYFUNCTION("""COMPUTED_VALUE"""),0.42291666666666666) -> 0.42291667 | H26: =IFERROR(__xludf.DUMMYFUNCTION("""COMPUTED_VALUE"""),"Kommunal xizmatlar") -> Kommunal xizmatlar | I26: =IFERROR(__xludf.DUMMYFUNCTION("""COMPUTED_VALUE"""),20000.0) -> 20000 | K26: =IFERROR(__xludf.DUMMYFUNCTION("""COMPUTED_VALUE"""),"Газ ишхона") -> Газ ишхона
F27: =IFERROR(__xludf.DUMMYFUNCTION("""COMPUTED_VALUE"""),46319.0) -> 46319 | G27: =IFERROR(__xludf.DUMMYFUNCTION("""COMPUTED_VALUE"""),0.4222222222222222) -> 0.42222222 | H27: =IFERROR(__xludf.DUMMYFUNCTION("""COMPUTED_VALUE"""),"Kommunal xizmatlar") -> Kommunal xizmatlar | I27: =IFERROR(__xludf.DUMMYFUNCTION("""COMPUTED_VALUE"""),50000.0) -> 50000 | K27: =IFERROR(__xludf.DUMMYFUNCTION("""COMPUTED_VALUE"""),"Свет ишхона") -> Свет ишхона
F28: =IFERROR(__xludf.DUMMYFUNCTION("""COMPUTED_VALUE"""),46318.0) -> 46318 | G28: =IFERROR(__xludf.DUMMYFUNCTION("""COMPUTED_VALUE"""),0.6534722222222222) -> 0.65347222 | H28: =IFERROR(__xludf.DUMMYFUNCTION("""COMPUTED_VALUE"""),"Заказ материал") -> Заказ материал | I28: =IFERROR(__xludf.DUMMYFUNCTION("""COMPUTED_VALUE"""),358000.0) -> 358000 | J28: =IFERROR(__xludf.DUMMYFUNCTION("""COMPUTED_VALUE"""),404.0) -> 404 | K28: =IFERROR(__xludf.DUMMYFUNCTION("""COMPUTED_VALUE"""),"Кош") -> Кош
F29: =IFERROR(__xludf.DUMMYFUNCTION("""COMPUTED_VALUE"""),46318.0) -> 46318 | G29: =IFERROR(__xludf.DUMMYFUNCTION("""COMPUTED_VALUE"""),0.6395833333333333) -> 0.63958333 | H29: =IFERROR(__xludf.DUMMYFUNCTION("""COMPUTED_VALUE"""),"Ойлик (ish haqi)") -> Ойлик (ish haqi) | I29: =IFERROR(__xludf.DUMMYFUNCTION("""COMPUTED_VALUE"""),100000.0) -> 100000 | K29: =IFERROR(__xludf.DUMMYFUNCTION("""COMPUTED_VALUE"""),"Ойлик") -> Ойлик
F30: =IFERROR(__xludf.DUMMYFUNCTION("""COMPUTED_VALUE"""),46318.0) -> 46318 | G30: =IFERROR(__xludf.DUMMYFUNCTION("""COMPUTED_VALUE"""),0.6270833333333333) -> 0.62708333 | H30: =IFERROR(__xludf.DUMMYFUNCTION("""COMPUTED_VALUE"""),"Zapravka") -> Zapravka | I30: =IFERROR(__xludf.DUMMYFUNCTION("""COMPUTED_VALUE"""),374000.0) -> 374000 | K30: =IFERROR(__xludf.DUMMYFUNCTION("""COMPUTED_VALUE"""),"Газ") -> Газ
F31: =IFERROR(__xludf.DUMMYFUNCTION("""COMPUTED_VALUE"""),46318.0) -> 46318 | G31: =IFERROR(__xludf.DUMMYFUNCTION("""COMPUTED_VALUE"""),0.5875) -> 0.5875 | H31: =IFERROR(__xludf.DUMMYFUNCTION("""COMPUTED_VALUE"""),"Ovqat") -> Ovqat | I31: =IFERROR(__xludf.DUMMYFUNCTION("""COMPUTED_VALUE"""),35000.0) -> 35000 | K31: =IFERROR(__xludf.DUMMYFUNCTION("""COMPUTED_VALUE"""),"Обед озим") -> Обед озим
F32: =IFERROR(__xludf.DUMMYFUNCTION("""COMPUTED_VALUE"""),46318.0) -> 46318 | G32: =IFERROR(__xludf.DUMMYFUNCTION("""COMPUTED_VALUE"""),0.37083333333333335) -> 0.37083333 | H32: =IFERROR(__xludf.DUMMYFUNCTION("""COMPUTED_VALUE"""),"Usluga (xizmatlar)") -> Usluga (xizmatlar) | I32: =IFERROR(__xludf.DUMMYFUNCTION("""COMPUTED_VALUE"""),81000.0) -> 81000 | K32: =IFERROR(__xludf.DUMMYFUNCTION("""COMPUTED_VALUE"""),"Арра чах") -> Арра чах
F33: =IFERROR(__xludf.DUMMYFUNCTION("""COMPUTED_VALUE"""),46317.0) -> 46317 | G33: =IFERROR(__xludf.DUMMYFUNCTION("""COMPUTED_VALUE"""),0.6652777777777777) -> 0.66527778 | H33: =IFERROR(__xludf.DUMMYFUNCTION("""COMPUTED_VALUE"""),"Zapravka") -> Zapravka | I33: =IFERROR(__xludf.DUMMYFUNCTION("""COMPUTED_VALUE"""),200000.0) -> 200000 | K33: =IFERROR(__xludf.DUMMYFUNCTION("""COMPUTED_VALUE"""),"Газ чанган") -> Газ чанган
F34: =IFERROR(__xludf.DUMMYFUNCTION("""COMPUTED_VALUE"""),46317.0) -> 46317 | G34: =IFERROR(__xludf.DUMMYFUNCTION("""COMPUTED_VALUE"""),0.6618055555555555) -> 0.66180556 | H34: =IFERROR(__xludf.DUMMYFUNCTION("""COMPUTED_VALUE"""),"Ovqat") -> Ovqat | I34: =IFERROR(__xludf.DUMMYFUNCTION("""COMPUTED_VALUE"""),35000.0) -> 35000 | K34: =IFERROR(__xludf.DUMMYFUNCTION("""COMPUTED_VALUE"""),"Обед озим") -> Обед озим
F35: =IFERROR(__xludf.DUMMYFUNCTION("""COMPUTED_VALUE"""),46316.0) -> 46316 | G35: =IFERROR(__xludf.DUMMYFUNCTION("""COMPUTED_VALUE"""),0.7597222222222222) -> 0.75972222 | H35: =IFERROR(__xludf.DUMMYFUNCTION("""COMPUTED_VALUE"""),"Rahbarga (shaxsiy)") -> Rahbarga (shaxsiy) | I35: =IFERROR(__xludf.DUMMYFUNCTION("""COMPUTED_VALUE"""),35000.0) -> 35000 | K35: =IFERROR(__xludf.DUMMYFUNCTION("""COMPUTED_VALUE"""),"Обед") -> Обед
F36: =IFERROR(__xludf.DUMMYFUNCTION("""COMPUTED_VALUE"""),46316.0) -> 46316 | G36: =IFERROR(__xludf.DUMMYFUNCTION("""COMPUTED_VALUE"""),0.7465277777777778) -> 0.74652778 | H36: =IFERROR(__xludf.DUMMYFUNCTION("""COMPUTED_VALUE"""),"Zapravka") -> Zapravka | I36: =IFERROR(__xludf.DUMMYFUNCTION("""COMPUTED_VALUE"""),100000.0) -> 100000 | K36: =IFERROR(__xludf.DUMMYFUNCTION("""COMPUTED_VALUE"""),"Бензин") -> Бензин
F37: =IFERROR(__xludf.DUMMYFUNCTION("""COMPUTED_VALUE"""),46316.0) -> 46316 | G37: =IFERROR(__xludf.DUMMYFUNCTION("""COMPUTED_VALUE"""),0.6569444444444444) -> 0.65694444 | H37: =IFERROR(__xludf.DUMMYFUNCTION("""COMPUTED_VALUE"""),"Ovqat") -> Ovqat | I37: =IFERROR(__xludf.DUMMYFUNCTION("""COMPUTED_VALUE"""),35000.0) -> 35000 | K37: =IFERROR(__xludf.DUMMYFUNCTION("""COMPUTED_VALUE"""),"Обед озим") -> Обед озим
F38: =IFERROR(__xludf.DUMMYFUNCTION("""COMPUTED_VALUE"""),46316.0) -> 46316 | G38: =IFERROR(__xludf.DUMMYFUNCTION("""COMPUTED_VALUE"""),0.4041666666666667) -> 0.40416667 | H38: =IFERROR(__xludf.DUMMYFUNCTION("""COMPUTED_VALUE"""),"Kommunal xizmatlar") -> Kommunal xizmatlar | I38: =IFERROR(__xludf.DUMMYFUNCTION("""COMPUTED_VALUE"""),50000.0) -> 50000 | K38: =IFERROR(__xludf.DUMMYFUNCTION("""COMPUTED_VALUE"""),"Свет ишхона") -> Свет ишхона
F39: =IFERROR(__xludf.DUMMYFUNCTION("""COMPUTED_VALUE"""),46315.0) -> 46315 | G39: =IFERROR(__xludf.DUMMYFUNCTION("""COMPUTED_VALUE"""),0.6993055555555555) -> 0.69930556 | H39: =IFERROR(__xludf.DUMMYFUNCTION("""COMPUTED_VALUE"""),"Usluga (xizmatlar)") -> Usluga (xizmatlar) | I39: =IFERROR(__xludf.DUMMYFUNCTION("""COMPUTED_VALUE"""),40000.0) -> 40000 | J39: =IFERROR(__xludf.DUMMYFUNCTION("""COMPUTED_VALUE"""),391.0) -> 391 | K39: =IFERROR(__xludf.DUMMYFUNCTION("""COMPUTED_VALUE"""),"Кромка") -> Кромка
F40: =IFERROR(__xludf.DUMMYFUNCTION("""COMPUTED_VALUE"""),46315.0) -> 46315 | G40: =IFERROR(__xludf.DUMMYFUNCTION("""COMPUTED_VALUE"""),0.6993055555555555) -> 0.69930556 | H40: =IFERROR(__xludf.DUMMYFUNCTION("""COMPUTED_VALUE"""),"Ovqat") -> Ovqat | I40: =IFERROR(__xludf.DUMMYFUNCTION("""COMPUTED_VALUE"""),35000.0) -> 35000 | K40: =IFERROR(__xludf.DUMMYFUNCTION("""COMPUTED_VALUE"""),"Обед озим") -> Обед озим
F41: =IFERROR(__xludf.DUMMYFUNCTION("""COMPUTED_VALUE"""),46315.0) -> 46315 | G41: =IFERROR(__xludf.DUMMYFUNCTION("""COMPUTED_VALUE"""),0.6069444444444444) -> 0.60694444 | H41: =IFERROR(__xludf.DUMMYFUNCTION("""COMPUTED_VALUE"""),"Zapravka") -> Zapravka | I41: =IFERROR(__xludf.DUMMYFUNCTION("""COMPUTED_VALUE"""),200000.0) -> 200000 | K41: =IFERROR(__xludf.DUMMYFUNCTION("""COMPUTED_VALUE"""),"Газ") -> Газ
F42: =IFERROR(__xludf.DUMMYFUNCTION("""COMPUTED_VALUE"""),46315.0) -> 46315 | G42: =IFERROR(__xludf.DUMMYFUNCTION("""COMPUTED_VALUE"""),0.5916666666666667) -> 0.59166667 | H42: =IFERROR(__xludf.DUMMYFUNCTION("""COMPUTED_VALUE"""),"Furnitura") -> Furnitura | I42: =IFERROR(__xludf.DUMMYFUNCTION("""COMPUTED_VALUE"""),30000.0) -> 30000 | J42: =IFERROR(__xludf.DUMMYFUNCTION("""COMPUTED_VALUE"""),388.0) -> 388 | K42: =IFERROR(__xludf.DUMMYFUNCTION("""COMPUTED_VALUE"""),"Паста шпаклевка") -> Паста шпаклевка
F43: =IFERROR(__xludf.DUMMYFUNCTION("""COMPUTED_VALUE"""),46315.0) -> 46315 | G43: =IFERROR(__xludf.DUMMYFUNCTION("""COMPUTED_VALUE"""),0.5909722222222222) -> 0.59097222 | H43: =IFERROR(__xludf.DUMMYFUNCTION("""COMPUTED_VALUE"""),"Usluga (xizmatlar)") -> Usluga (xizmatlar) | I43: =IFERROR(__xludf.DUMMYFUNCTION("""COMPUTED_VALUE"""),35000.0) -> 35000 | J43: =IFERROR(__xludf.DUMMYFUNCTION("""COMPUTED_VALUE"""),391.0) -> 391 | K43: =IFERROR(__xludf.DUMMYFUNCTION("""COMPUTED_VALUE"""),"Кромка обувница") -> Кромка обувница
F44: =IFERROR(__xludf.DUMMYFUNCTION("""COMPUTED_VALUE"""),46314.0) -> 46314 | G44: =IFERROR(__xludf.DUMMYFUNCTION("""COMPUTED_VALUE"""),0.9076388888888889) -> 0.90763889 | H44: =IFERROR(__xludf.DUMMYFUNCTION("""COMPUTED_VALUE"""),"Usluga (xizmatlar)") -> Usluga (xizmatlar) | I44: =IFERROR(__xludf.DUMMYFUNCTION("""COMPUTED_VALUE"""),212000.0) -> 212000 | J44: =IFERROR(__xludf.DUMMYFUNCTION("""COMPUTED_VALUE"""),395.0) -> 395 | K44: =IFERROR(__xludf.DUMMYFUNCTION("""COMPUTED_VALUE"""),"Кромка ровер") -> Кромка ровер
F45: =IFERROR(__xludf.DUMMYFUNCTION("""COMPUTED_VALUE"""),46314.0) -> 46314 | G45: =IFERROR(__xludf.DUMMYFUNCTION("""COMPUTED_VALUE"""),0.7965277777777777) -> 0.79652778 | H45: =IFERROR(__xludf.DUMMYFUNCTION("""COMPUTED_VALUE"""),"Ойлик (ish haqi)") -> Ойлик (ish haqi) | I45: =IFERROR(__xludf.DUMMYFUNCTION("""COMPUTED_VALUE"""),150000.0) -> 150000 | K45: =IFERROR(__xludf.DUMMYFUNCTION("""COMPUTED_VALUE"""),"Ойлик") -> Ойлик
F46: =IFERROR(__xludf.DUMMYFUNCTION("""COMPUTED_VALUE"""),46314.0) -> 46314 | G46: =IFERROR(__xludf.DUMMYFUNCTION("""COMPUTED_VALUE"""),0.7944444444444444) -> 0.79444444 | H46: =IFERROR(__xludf.DUMMYFUNCTION("""COMPUTED_VALUE"""),"Furnitura") -> Furnitura | I46: =IFERROR(__xludf.DUMMYFUNCTION("""COMPUTED_VALUE"""),1632000.0) -> 1632000 | J46: =IFERROR(__xludf.DUMMYFUNCTION("""COMPUTED_VALUE"""),399.0) -> 399 | K46: =IFERROR(__xludf.DUMMYFUNCTION("""COMPUTED_VALUE"""),"Краска астар раствор") -> Краска астар раствор
F47: =IFERROR(__xludf.DUMMYFUNCTION("""COMPUTED_VALUE"""),46314.0) -> 46314 | G47: =IFERROR(__xludf.DUMMYFUNCTION("""COMPUTED_VALUE"""),0.7923611111111111) -> 0.79236111 | H47: =IFERROR(__xludf.DUMMYFUNCTION("""COMPUTED_VALUE"""),"Furnitura") -> Furnitura | I47: =IFERROR(__xludf.DUMMYFUNCTION("""COMPUTED_VALUE"""),4152000.0) -> 4152000 | J47: =IFERROR(__xludf.DUMMYFUNCTION("""COMPUTED_VALUE"""),397.0) -> 397 | K47: =IFERROR(__xludf.DUMMYFUNCTION("""COMPUTED_VALUE"""),"Краска астар раствор") -> Краска астар раствор
F48: =IFERROR(__xludf.DUMMYFUNCTION("""COMPUTED_VALUE"""),46314.0) -> 46314 | G48: =IFERROR(__xludf.DUMMYFUNCTION("""COMPUTED_VALUE"""),0.7868055555555555) -> 0.78680556 | H48: =IFERROR(__xludf.DUMMYFUNCTION("""COMPUTED_VALUE"""),"Furnitura") -> Furnitura | I48: =IFERROR(__xludf.DUMMYFUNCTION("""COMPUTED_VALUE"""),470000.0) -> 470000 | J48: =IFERROR(__xludf.DUMMYFUNCTION("""COMPUTED_VALUE"""),388.0) -> 388 | K48: =IFERROR(__xludf.DUMMYFUNCTION("""COMPUTED_VALUE"""),"Ойна подсветка") -> Ойна подсветка
F49: =IFERROR(__xludf.DUMMYFUNCTION("""COMPUTED_VALUE"""),46314.0) -> 46314 | G49: =IFERROR(__xludf.DUMMYFUNCTION("""COMPUTED_VALUE"""),0.7847222222222222) -> 0.78472222 | H49: =IFERROR(__xludf.DUMMYFUNCTION("""COMPUTED_VALUE"""),"Furnitura") -> Furnitura | I49: =IFERROR(__xludf.DUMMYFUNCTION("""COMPUTED_VALUE"""),886000.0) -> 886000 | J49: =IFERROR(__xludf.DUMMYFUNCTION("""COMPUTED_VALUE"""),395.0) -> 395 | K49: =IFERROR(__xludf.DUMMYFUNCTION("""COMPUTED_VALUE"""),"Ойна подсветка") -> Ойна подсветка
F50: =IFERROR(__xludf.DUMMYFUNCTION("""COMPUTED_VALUE"""),46314.0) -> 46314 | G50: =IFERROR(__xludf.DUMMYFUNCTION("""COMPUTED_VALUE"""),0.7833333333333333) -> 0.78333333 | H50: =IFERROR(__xludf.DUMMYFUNCTION("""COMPUTED_VALUE"""),"Заказ материал") -> Заказ материал | I50: =IFERROR(__xludf.DUMMYFUNCTION("""COMPUTED_VALUE"""),3.96E7) -> 39600000 | J50: =IFERROR(__xludf.DUMMYFUNCTION("""COMPUTED_VALUE"""),378.0) -> 378 | K50: =IFERROR(__xludf.DUMMYFUNCTION("""COMPUTED_VALUE"""),"Тош") -> Тош
F51: =IFERROR(__xludf.DUMMYFUNCTION("""COMPUTED_VALUE"""),46314.0) -> 46314 | G51: =IFERROR(__xludf.DUMMYFUNCTION("""COMPUTED_VALUE"""),0.7819444444444444) -> 0.78194444 | H51: =IFERROR(__xludf.DUMMYFUNCTION("""COMPUTED_VALUE"""),"Furnitura") -> Furnitura | I51: =IFERROR(__xludf.DUMMYFUNCTION("""COMPUTED_VALUE"""),5520000.0) -> 5520000 | J51: =IFERROR(__xludf.DUMMYFUNCTION("""COMPUTED_VALUE"""),378.0) -> 378 | K51: =IFERROR(__xludf.DUMMYFUNCTION("""COMPUTED_VALUE"""),"Матрас") -> Матрас
F52: =IFERROR(__xludf.DUMMYFUNCTION("""COMPUTED_VALUE"""),46314.0) -> 46314 | G52: =IFERROR(__xludf.DUMMYFUNCTION("""COMPUTED_VALUE"""),0.78125) -> 0.78125 | H52: =IFERROR(__xludf.DUMMYFUNCTION("""COMPUTED_VALUE"""),"Furnitura") -> Furnitura | I52: =IFERROR(__xludf.DUMMYFUNCTION("""COMPUTED_VALUE"""),720000.0) -> 720000 | K52: =IFERROR(__xludf.DUMMYFUNCTION("""COMPUTED_VALUE"""),"Матрас карз") -> Матрас карз
F53: =IFERROR(__xludf.DUMMYFUNCTION("""COMPUTED_VALUE"""),46314.0) -> 46314 | G53: =IFERROR(__xludf.DUMMYFUNCTION("""COMPUTED_VALUE"""),0.7798611111111111) -> 0.77986111 | H53: =IFERROR(__xludf.DUMMYFUNCTION("""COMPUTED_VALUE"""),"Furnitura") -> Furnitura | I53: =IFERROR(__xludf.DUMMYFUNCTION("""COMPUTED_VALUE"""),1620000.0) -> 1620000 | J53: =IFERROR(__xludf.DUMMYFUNCTION("""COMPUTED_VALUE"""),386.0) -> 386 | K53: =IFERROR(__xludf.DUMMYFUNCTION("""COMPUTED_VALUE"""),"Матрас") -> Матрас
F54: =IFERROR(__xludf.DUMMYFUNCTION("""COMPUTED_VALUE"""),46314.0) -> 46314 | G54: =IFERROR(__xludf.DUMMYFUNCTION("""COMPUTED_VALUE"""),0.7673611111111112) -> 0.76736111 | H54: =IFERROR(__xludf.DUMMYFUNCTION("""COMPUTED_VALUE"""),"Usluga (xizmatlar)") -> Usluga (xizmatlar) | I54: =IFERROR(__xludf.DUMMYFUNCTION("""COMPUTED_VALUE"""),840000.0) -> 840000 | J54: =IFERROR(__xludf.DUMMYFUNCTION("""COMPUTED_VALUE"""),383.0) -> 383 | K54: =IFERROR(__xludf.DUMMYFUNCTION("""COMPUTED_VALUE"""),"Краска услуга") -> Краска услуга
F55: =IFERROR(__xludf.DUMMYFUNCTION("""COMPUTED_VALUE"""),46314.0) -> 46314 | G55: =IFERROR(__xludf.DUMMYFUNCTION("""COMPUTED_VALUE"""),0.7659722222222223) -> 0.76597222 | H55: =IFERROR(__xludf.DUMMYFUNCTION("""COMPUTED_VALUE"""),"Usluga (xizmatlar)") -> Usluga (xizmatlar) | I55: =IFERROR(__xludf.DUMMYFUNCTION("""COMPUTED_VALUE"""),1.056288E7) -> 10562880 | J55: =IFERROR(__xludf.DUMMYFUNCTION("""COMPUTED_VALUE"""),378.0) -> 378 | K55: =IFERROR(__xludf.DUMMYFUNCTION("""COMPUTED_VALUE"""),"Краска услуга") -> Краска услуга
F56: =IFERROR(__xludf.DUMMYFUNCTION("""COMPUTED_VALUE"""),46314.0) -> 46314 | G56: =IFERROR(__xludf.DUMMYFUNCTION("""COMPUTED_VALUE"""),0.7645833333333333) -> 0.76458333 | H56: =IFERROR(__xludf.DUMMYFUNCTION("""COMPUTED_VALUE"""),"Remont avto") -> Remont avto | I56: =IFERROR(__xludf.DUMMYFUNCTION("""COMPUTED_VALUE"""),50000.0) -> 50000 | K56: =IFERROR(__xludf.DUMMYFUNCTION("""COMPUTED_VALUE"""),"Лабо балон ямаш") -> Лабо балон ямаш
F57: =IFERROR(__xludf.DUMMYFUNCTION("""COMPUTED_VALUE"""),46314.0) -> 46314 | G57: =IFERROR(__xludf.DUMMYFUNCTION("""COMPUTED_VALUE"""),0.7229166666666667) -> 0.72291667 | H57: =IFERROR(__xludf.DUMMYFUNCTION("""COMPUTED_VALUE"""),"Usluga (xizmatlar)") -> Usluga (xizmatlar) | I57: =IFERROR(__xludf.DUMMYFUNCTION("""COMPUTED_VALUE"""),25000.0) -> 25000 | J57: =IFERROR(__xludf.DUMMYFUNCTION("""COMPUTED_VALUE"""),383.0) -> 383 | K57: =IFERROR(__xludf.DUMMYFUNCTION("""COMPUTED_VALUE"""),"Наклейка") -> Наклейка
F58: =IFERROR(__xludf.DUMMYFUNCTION("""COMPUTED_VALUE"""),46314.0) -> 46314 | G58: =IFERROR(__xludf.DUMMYFUNCTION("""COMPUTED_VALUE"""),0.7222222222222222) -> 0.72222222 | H58: =IFERROR(__xludf.DUMMYFUNCTION("""COMPUTED_VALUE"""),"Usluga (xizmatlar)") -> Usluga (xizmatlar) | I58: =IFERROR(__xludf.DUMMYFUNCTION("""COMPUTED_VALUE"""),20000.0) -> 20000 | J58: =IFERROR(__xludf.DUMMYFUNCTION("""COMPUTED_VALUE"""),391.0) -> 391 | K58: =IFERROR(__xludf.DUMMYFUNCTION("""COMPUTED_VALUE"""),"Распил") -> Распил
F59: =IFERROR(__xludf.DUMMYFUNCTION("""COMPUTED_VALUE"""),46314.0) -> 46314 | G59: =IFERROR(__xludf.DUMMYFUNCTION("""COMPUTED_VALUE"""),0.7215277777777778) -> 0.72152778 | H59: =IFERROR(__xludf.DUMMYFUNCTION("""COMPUTED_VALUE"""),"Boshqa") -> Boshqa | I59: =IFERROR(__xludf.DUMMYFUNCTION("""COMPUTED_VALUE"""),30000.0) -> 30000 | K59: =IFERROR(__xludf.DUMMYFUNCTION("""COMPUTED_VALUE"""),"Цех запчасть котелга") -> Цех запчасть котелга
F60: =IFERROR(__xludf.DUMMYFUNCTION("""COMPUTED_VALUE"""),46314.0) -> 46314 | G60: =IFERROR(__xludf.DUMMYFUNCTION("""COMPUTED_VALUE"""),0.68125) -> 0.68125 | H60: =IFERROR(__xludf.DUMMYFUNCTION("""COMPUTED_VALUE"""),"Usluga (xizmatlar)") -> Usluga (xizmatlar) | I60: =IFERROR(__xludf.DUMMYFUNCTION("""COMPUTED_VALUE"""),1493880.0) -> 1493880 | J60: =IFERROR(__xludf.DUMMYFUNCTION("""COMPUTED_VALUE"""),375.0) -> 375 | K60: =IFERROR(__xludf.DUMMYFUNCTION("""COMPUTED_VALUE"""),"Краска услуга") -> Краска услуга
F61: =IFERROR(__xludf.DUMMYFUNCTION("""COMPUTED_VALUE"""),46314.0) -> 46314 | G61: =IFERROR(__xludf.DUMMYFUNCTION("""COMPUTED_VALUE"""),0.6090277777777777) -> 0.60902778 | H61: =IFERROR(__xludf.DUMMYFUNCTION("""COMPUTED_VALUE"""),"Ovqat") -> Ovqat | I61: =IFERROR(__xludf.DUMMYFUNCTION("""COMPUTED_VALUE"""),35000.0) -> 35000 | K61: =IFERROR(__xludf.DUMMYFUNCTION("""COMPUTED_VALUE"""),"Обед озим") -> Обед озим
F62: =IFERROR(__xludf.DUMMYFUNCTION("""COMPUTED_VALUE"""),46314.0) -> 46314 | G62: =IFERROR(__xludf.DUMMYFUNCTION("""COMPUTED_VALUE"""),0.5625) -> 0.5625 | H62: =IFERROR(__xludf.DUMMYFUNCTION("""COMPUTED_VALUE"""),"Zapravka") -> Zapravka | I62: =IFERROR(__xludf.DUMMYFUNCTION("""COMPUTED_VALUE"""),130000.0) -> 130000 | K62: =IFERROR(__xludf.DUMMYFUNCTION("""COMPUTED_VALUE"""),"Газ") -> Газ
F63: =IFERROR(__xludf.DUMMYFUNCTION("""COMPUTED_VALUE"""),46314.0) -> 46314 | G63: =IFERROR(__xludf.DUMMYFUNCTION("""COMPUTED_VALUE"""),0.4354166666666667) -> 0.43541667 | H63: =IFERROR(__xludf.DUMMYFUNCTION("""COMPUTED_VALUE"""),"Zapravka") -> Zapravka | I63: =IFERROR(__xludf.DUMMYFUNCTION("""COMPUTED_VALUE"""),170000.0) -> 170000 | K63: =IFERROR(__xludf.DUMMYFUNCTION("""COMPUTED_VALUE"""),"Заправка") -> Заправка
F64: =IFERROR(__xludf.DUMMYFUNCTION("""COMPUTED_VALUE"""),46314.0) -> 46314 | G64: =IFERROR(__xludf.DUMMYFUNCTION("""COMPUTED_VALUE"""),0.43472222222222223) -> 0.43472222 | H64: =IFERROR(__xludf.DUMMYFUNCTION("""COMPUTED_VALUE"""),"Ойлик (ish haqi)") -> Ойлик (ish haqi) | I64: =IFERROR(__xludf.DUMMYFUNCTION("""COMPUTED_VALUE"""),100000.0) -> 100000 | K64: =IFERROR(__xludf.DUMMYFUNCTION("""COMPUTED_VALUE"""),"Ойлик") -> Ойлик
F65: =IFERROR(__xludf.DUMMYFUNCTION("""COMPUTED_VALUE"""),46314.0) -> 46314 | G65: =IFERROR(__xludf.DUMMYFUNCTION("""COMPUTED_VALUE"""),0.4326388888888889) -> 0.43263889 | H65: =IFERROR(__xludf.DUMMYFUNCTION("""COMPUTED_VALUE"""),"Kommunal xizmatlar") -> Kommunal xizmatlar | I65: =IFERROR(__xludf.DUMMYFUNCTION("""COMPUTED_VALUE"""),50000.0) -> 50000 | K65: =IFERROR(__xludf.DUMMYFUNCTION("""COMPUTED_VALUE"""),"Свет ишхона") -> Свет ишхона
F66: =IFERROR(__xludf.DUMMYFUNCTION("""COMPUTED_VALUE"""),46313.0) -> 46313 | G66: =IFERROR(__xludf.DUMMYFUNCTION("""COMPUTED_VALUE"""),0.5777777777777777) -> 0.57777778 | H66: =IFERROR(__xludf.DUMMYFUNCTION("""COMPUTED_VALUE"""),"Furnitura") -> Furnitura | I66: =IFERROR(__xludf.DUMMYFUNCTION("""COMPUTED_VALUE"""),21000.0) -> 21000 | J66: =IFERROR(__xludf.DUMMYFUNCTION("""COMPUTED_VALUE"""),392.0) -> 392 | K66: =IFERROR(__xludf.DUMMYFUNCTION("""COMPUTED_VALUE"""),"Арра") -> Арра
F67: =IFERROR(__xludf.DUMMYFUNCTION("""COMPUTED_VALUE"""),46313.0) -> 46313 | G67: =IFERROR(__xludf.DUMMYFUNCTION("""COMPUTED_VALUE"""),0.5305555555555556) -> 0.53055556 | H67: =IFERROR(__xludf.DUMMYFUNCTION("""COMPUTED_VALUE"""),"Zapravka") -> Zapravka | I67: =IFERROR(__xludf.DUMMYFUNCTION("""COMPUTED_VALUE"""),453000.0) -> 453000 | K67: =IFERROR(__xludf.DUMMYFUNCTION("""COMPUTED_VALUE"""),"Газ") -> Газ
F68: =IFERROR(__xludf.DUMMYFUNCTION("""COMPUTED_VALUE"""),46313.0) -> 46313 | G68: =IFERROR(__xludf.DUMMYFUNCTION("""COMPUTED_VALUE"""),0.059027777777777776) -> 0.059027778 | H68: =IFERROR(__xludf.DUMMYFUNCTION("""COMPUTED_VALUE"""),"Ойлик (ish haqi)") -> Ойлик (ish haqi) | I68: =IFERROR(__xludf.DUMMYFUNCTION("""COMPUTED_VALUE"""),170000.0) -> 170000 | K68: =IFERROR(__xludf.DUMMYFUNCTION("""COMPUTED_VALUE"""),"Ойлик") -> Ойлик
F69: =IFERROR(__xludf.DUMMYFUNCTION("""COMPUTED_VALUE"""),46312.0) -> 46312 | G69: =IFERROR(__xludf.DUMMYFUNCTION("""COMPUTED_VALUE"""),0.7666666666666667) -> 0.76666667 | H69: =IFERROR(__xludf.DUMMYFUNCTION("""COMPUTED_VALUE"""),"Ovqat") -> Ovqat | I69: =IFERROR(__xludf.DUMMYFUNCTION("""COMPUTED_VALUE"""),35000.0) -> 35000 | K69: =IFERROR(__xludf.DUMMYFUNCTION("""COMPUTED_VALUE"""),"Обед озим") -> Обед озим
F70: =IFERROR(__xludf.DUMMYFUNCTION("""COMPUTED_VALUE"""),46312.0) -> 46312 | G70: =IFERROR(__xludf.DUMMYFUNCTION("""COMPUTED_VALUE"""),0.7659722222222223) -> 0.76597222 | H70: =IFERROR(__xludf.DUMMYFUNCTION("""COMPUTED_VALUE"""),"Ovqat") -> Ovqat | I70: =IFERROR(__xludf.DUMMYFUNCTION("""COMPUTED_VALUE"""),20000.0) -> 20000 | J70: =IFERROR(__xludf.DUMMYFUNCTION("""COMPUTED_VALUE"""),388.0) -> 388 | K70: =IFERROR(__xludf.DUMMYFUNCTION("""COMPUTED_VALUE"""),"Сув болла") -> Сув болла
F71: =IFERROR(__xludf.DUMMYFUNCTION("""COMPUTED_VALUE"""),46312.0) -> 46312 | G71: =IFERROR(__xludf.DUMMYFUNCTION("""COMPUTED_VALUE"""),0.7652777777777777) -> 0.76527778 | H71: =IFERROR(__xludf.DUMMYFUNCTION("""COMPUTED_VALUE"""),"Furnitura") -> Furnitura | I71: =IFERROR(__xludf.DUMMYFUNCTION("""COMPUTED_VALUE"""),272000.0) -> 272000 | J71: =IFERROR(__xludf.DUMMYFUNCTION("""COMPUTED_VALUE"""),391.0) -> 391 | K71: =IFERROR(__xludf.DUMMYFUNCTION("""COMPUTED_VALUE"""),"Обувница механизм") -> Обувница механизм
F72: =IFERROR(__xludf.DUMMYFUNCTION("""COMPUTED_VALUE"""),46312.0) -> 46312 | G72: =IFERROR(__xludf.DUMMYFUNCTION("""COMPUTED_VALUE"""),0.6416666666666667) -> 0.64166667 | H72: =IFERROR(__xludf.DUMMYFUNCTION("""COMPUTED_VALUE"""),"Furnitura") -> Furnitura | I72: =IFERROR(__xludf.DUMMYFUNCTION("""COMPUTED_VALUE"""),65000.0) -> 65000 | J72: =IFERROR(__xludf.DUMMYFUNCTION("""COMPUTED_VALUE"""),403.0) -> 403 | K72: =IFERROR(__xludf.DUMMYFUNCTION("""COMPUTED_VALUE"""),"Ручка доставка") -> Ручка доставка
F73: =IFERROR(__xludf.DUMMYFUNCTION("""COMPUTED_VALUE"""),46311.0) -> 46311 | G73: =IFERROR(__xludf.DUMMYFUNCTION("""COMPUTED_VALUE"""),0.8916666666666667) -> 0.89166667 | H73: =IFERROR(__xludf.DUMMYFUNCTION("""COMPUTED_VALUE"""),"Ovqat") -> Ovqat | I73: =IFERROR(__xludf.DUMMYFUNCTION("""COMPUTED_VALUE"""),35000.0) -> 35000 | K73: =IFERROR(__xludf.DUMMYFUNCTION("""COMPUTED_VALUE"""),"Обед озим") -> Обед озим
F74: =IFERROR(__xludf.DUMMYFUNCTION("""COMPUTED_VALUE"""),46311.0) -> 46311 | G74: =IFERROR(__xludf.DUMMYFUNCTION("""COMPUTED_VALUE"""),0.8888888888888888) -> 0.88888889 | H74: =IFERROR(__xludf.DUMMYFUNCTION("""COMPUTED_VALUE"""),"Ойлик (ish haqi)") -> Ойлик (ish haqi) | I74: =IFERROR(__xludf.DUMMYFUNCTION("""COMPUTED_VALUE"""),100000.0) -> 100000 | K74: =IFERROR(__xludf.DUMMYFUNCTION("""COMPUTED_VALUE"""),"Ойлик") -> Ойлик
F75: =IFERROR(__xludf.DUMMYFUNCTION("""COMPUTED_VALUE"""),46311.0) -> 46311 | G75: =IFERROR(__xludf.DUMMYFUNCTION("""COMPUTED_VALUE"""),0.8868055555555555) -> 0.88680556 | H75: =IFERROR(__xludf.DUMMYFUNCTION("""COMPUTED_VALUE"""),"Ovqat") -> Ovqat | I75: =IFERROR(__xludf.DUMMYFUNCTION("""COMPUTED_VALUE"""),120000.0) -> 120000 | K75: =IFERROR(__xludf.DUMMYFUNCTION("""COMPUTED_VALUE"""),"Сув стадион") -> Сув стадион
F76: =IFERROR(__xludf.DUMMYFUNCTION("""COMPUTED_VALUE"""),46311.0) -> 46311 | G76: =IFERROR(__xludf.DUMMYFUNCTION("""COMPUTED_VALUE"""),0.5034722222222222) -> 0.50347222 | H76: =IFERROR(__xludf.DUMMYFUNCTION("""COMPUTED_VALUE"""),"Furnitura") -> Furnitura | I76: =IFERROR(__xludf.DUMMYFUNCTION("""COMPUTED_VALUE"""),86000.0) -> 86000 | J76: =IFERROR(__xludf.DUMMYFUNCTION("""COMPUTED_VALUE"""),388.0) -> 388 | K76: =IFERROR(__xludf.DUMMYFUNCTION("""COMPUTED_VALUE"""),"Клей наклейка самарез") -> Клей наклейка самарез
F77: =IFERROR(__xludf.DUMMYFUNCTION("""COMPUTED_VALUE"""),46311.0) -> 46311 | G77: =IFERROR(__xludf.DUMMYFUNCTION("""COMPUTED_VALUE"""),0.5020833333333333) -> 0.50208333 | H77: =IFERROR(__xludf.DUMMYFUNCTION("""COMPUTED_VALUE"""),"Kommunal xizmatlar") -> Kommunal xizmatlar | I77: =IFERROR(__xludf.DUMMYFUNCTION("""COMPUTED_VALUE"""),165000.0) -> 165000 | K77: =IFERROR(__xludf.DUMMYFUNCTION("""COMPUTED_VALUE"""),"Вайфай ишхона") -> Вайфай ишхона
F78: =IFERROR(__xludf.DUMMYFUNCTION("""COMPUTED_VALUE"""),46311.0) -> 46311 | G78: =IFERROR(__xludf.DUMMYFUNCTION("""COMPUTED_VALUE"""),0.4736111111111111) -> 0.47361111 | H78: =IFERROR(__xludf.DUMMYFUNCTION("""COMPUTED_VALUE"""),"Kommunal xizmatlar") -> Kommunal xizmatlar | I78: =IFERROR(__xludf.DUMMYFUNCTION("""COMPUTED_VALUE"""),48921.0) -> 48921 | K78: =IFERROR(__xludf.DUMMYFUNCTION("""COMPUTED_VALUE"""),"Газ ишхона") -> Газ ишхона
F79: =IFERROR(__xludf.DUMMYFUNCTION("""COMPUTED_VALUE"""),46311.0) -> 46311 | G79: =IFERROR(__xludf.DUMMYFUNCTION("""COMPUTED_VALUE"""),0.47291666666666665) -> 0.47291667 | H79: =IFERROR(__xludf.DUMMYFUNCTION("""COMPUTED_VALUE"""),"Kommunal xizmatlar") -> Kommunal xizmatlar | I79: =IFERROR(__xludf.DUMMYFUNCTION("""COMPUTED_VALUE"""),50000.0) -> 50000 | K79: =IFERROR(__xludf.DUMMYFUNCTION("""COMPUTED_VALUE"""),"Свет ишхона") -> Свет ишхона
F80: =IFERROR(__xludf.DUMMYFUNCTION("""COMPUTED_VALUE"""),46310.0) -> 46310 | G80: =IFERROR(__xludf.DUMMYFUNCTION("""COMPUTED_VALUE"""),0.8229166666666666) -> 0.82291667 | H80: =IFERROR(__xludf.DUMMYFUNCTION("""COMPUTED_VALUE"""),"Furnitura") -> Furnitura | I80: =IFERROR(__xludf.DUMMYFUNCTION("""COMPUTED_VALUE"""),44000.0) -> 44000 | J80: =IFERROR(__xludf.DUMMYFUNCTION("""COMPUTED_VALUE"""),388.0) -> 388 | K80: =IFERROR(__xludf.DUMMYFUNCTION("""COMPUTED_VALUE"""),"Авто шпаклевка") -> Авто шпаклевка
F81: =IFERROR(__xludf.DUMMYFUNCTION("""COMPUTED_VALUE"""),46310.0) -> 46310 | G81: =IFERROR(__xludf.DUMMYFUNCTION("""COMPUTED_VALUE"""),0.7493055555555556) -> 0.74930556 | H81: =IFERROR(__xludf.DUMMYFUNCTION("""COMPUTED_VALUE"""),"Furnitura") -> Furnitura | I81: =IFERROR(__xludf.DUMMYFUNCTION("""COMPUTED_VALUE"""),39000.0) -> 39000 | J81: =IFERROR(__xludf.DUMMYFUNCTION("""COMPUTED_VALUE"""),388.0) -> 388 | K81: =IFERROR(__xludf.DUMMYFUNCTION("""COMPUTED_VALUE"""),"Салафан лезвия") -> Салафан лезвия
F82: =IFERROR(__xludf.DUMMYFUNCTION("""COMPUTED_VALUE"""),46310.0) -> 46310 | G82: =IFERROR(__xludf.DUMMYFUNCTION("""COMPUTED_VALUE"""),0.6680555555555555) -> 0.66805556 | H82: =IFERROR(__xludf.DUMMYFUNCTION("""COMPUTED_VALUE"""),"Furnitura") -> Furnitura | I82: =IFERROR(__xludf.DUMMYFUNCTION("""COMPUTED_VALUE"""),559000.0) -> 559000 | J82: =IFERROR(__xludf.DUMMYFUNCTION("""COMPUTED_VALUE"""),391.0) -> 391 | K82: =IFERROR(__xludf.DUMMYFUNCTION("""COMPUTED_VALUE"""),"Обувница механизм") -> Обувница механизм
F83: =IFERROR(__xludf.DUMMYFUNCTION("""COMPUTED_VALUE"""),46310.0) -> 46310 | G83: =IFERROR(__xludf.DUMMYFUNCTION("""COMPUTED_VALUE"""),0.5506944444444445) -> 0.55069444 | H83: =IFERROR(__xludf.DUMMYFUNCTION("""COMPUTED_VALUE"""),"Ovqat") -> Ovqat | I83: =IFERROR(__xludf.DUMMYFUNCTION("""COMPUTED_VALUE"""),35000.0) -> 35000 | K83: =IFERROR(__xludf.DUMMYFUNCTION("""COMPUTED_VALUE"""),"Обед озим") -> Обед озим
F84: =IFERROR(__xludf.DUMMYFUNCTION("""COMPUTED_VALUE"""),46310.0) -> 46310 | G84: =IFERROR(__xludf.DUMMYFUNCTION("""COMPUTED_VALUE"""),0.55) -> 0.55 | H84: =IFERROR(__xludf.DUMMYFUNCTION("""COMPUTED_VALUE"""),"Zapravka") -> Zapravka | I84: =IFERROR(__xludf.DUMMYFUNCTION("""COMPUTED_VALUE"""),353000.0) -> 353000 | K84: =IFERROR(__xludf.DUMMYFUNCTION("""COMPUTED_VALUE"""),"Газ чанган") -> Газ чанган
F85: =IFERROR(__xludf.DUMMYFUNCTION("""COMPUTED_VALUE"""),46310.0) -> 46310 | G85: =IFERROR(__xludf.DUMMYFUNCTION("""COMPUTED_VALUE"""),0.5388888888888889) -> 0.53888889 | H85: =IFERROR(__xludf.DUMMYFUNCTION("""COMPUTED_VALUE"""),"Usluga (xizmatlar)") -> Usluga (xizmatlar) | I85: =IFERROR(__xludf.DUMMYFUNCTION("""COMPUTED_VALUE"""),242000.0) -> 242000 | J85: =IFERROR(__xludf.DUMMYFUNCTION("""COMPUTED_VALUE"""),395.0) -> 395 | K85: =IFERROR(__xludf.DUMMYFUNCTION("""COMPUTED_VALUE"""),"Ровер кромка ручка жойи") -> Ровер кромка ручка жойи
F86: =IFERROR(__xludf.DUMMYFUNCTION("""COMPUTED_VALUE"""),46309.0) -> 46309 | G86: =IFERROR(__xludf.DUMMYFUNCTION("""COMPUTED_VALUE"""),0.9479166666666666) -> 0.94791667 | H86: =IFERROR(__xludf.DUMMYFUNCTION("""COMPUTED_VALUE"""),"Ойлик (ish haqi)") -> Ойлик (ish haqi) | I86: =IFERROR(__xludf.DUMMYFUNCTION("""COMPUTED_VALUE"""),100000.0) -> 100000 | K86: =IFERROR(__xludf.DUMMYFUNCTION("""COMPUTED_VALUE"""),"Ойлик") -> Ойлик
F87: =IFERROR(__xludf.DUMMYFUNCTION("""COMPUTED_VALUE"""),46309.0) -> 46309 | G87: =IFERROR(__xludf.DUMMYFUNCTION("""COMPUTED_VALUE"""),0.9159722222222222) -> 0.91597222 | H87: =IFERROR(__xludf.DUMMYFUNCTION("""COMPUTED_VALUE"""),"Ойлик (ish haqi)") -> Ойлик (ish haqi) | I87: =IFERROR(__xludf.DUMMYFUNCTION("""COMPUTED_VALUE"""),202000.0) -> 202000 | K87: =IFERROR(__xludf.DUMMYFUNCTION("""COMPUTED_VALUE"""),"Ойлик") -> Ойлик
F88: =IFERROR(__xludf.DUMMYFUNCTION("""COMPUTED_VALUE"""),46309.0) -> 46309 | G88: =IFERROR(__xludf.DUMMYFUNCTION("""COMPUTED_VALUE"""),0.8590277777777777) -> 0.85902778 | H88: =IFERROR(__xludf.DUMMYFUNCTION("""COMPUTED_VALUE"""),"Zapravka") -> Zapravka | I88: =IFERROR(__xludf.DUMMYFUNCTION("""COMPUTED_VALUE"""),270000.0) -> 270000 | K88: =IFERROR(__xludf.DUMMYFUNCTION("""COMPUTED_VALUE"""),"Газ") -> Газ
F89: =IFERROR(__xludf.DUMMYFUNCTION("""COMPUTED_VALUE"""),46308.0) -> 46308 | G89: =IFERROR(__xludf.DUMMYFUNCTION("""COMPUTED_VALUE"""),0.675) -> 0.675 | H89: =IFERROR(__xludf.DUMMYFUNCTION("""COMPUTED_VALUE"""),"Ойлик (ish haqi)") -> Ойлик (ish haqi) | I89: =IFERROR(__xludf.DUMMYFUNCTION("""COMPUTED_VALUE"""),400000.0) -> 400000 | K89: =IFERROR(__xludf.DUMMYFUNCTION("""COMPUTED_VALUE"""),"Ойлик") -> Ойлик
F90: =IFERROR(__xludf.DUMMYFUNCTION("""COMPUTED_VALUE"""),46308.0) -> 46308 | G90: =IFERROR(__xludf.DUMMYFUNCTION("""COMPUTED_VALUE"""),0.6743055555555556) -> 0.67430556 | H90: =IFERROR(__xludf.DUMMYFUNCTION("""COMPUTED_VALUE"""),"Ovqat") -> Ovqat | I90: =IFERROR(__xludf.DUMMYFUNCTION("""COMPUTED_VALUE"""),35000.0) -> 35000 | K90: =IFERROR(__xludf.DUMMYFUNCTION("""COMPUTED_VALUE"""),"Обед озим") -> Обед озим
F91: =IFERROR(__xludf.DUMMYFUNCTION("""COMPUTED_VALUE"""),46308.0) -> 46308 | G91: =IFERROR(__xludf.DUMMYFUNCTION("""COMPUTED_VALUE"""),0.5875) -> 0.5875 | H91: =IFERROR(__xludf.DUMMYFUNCTION("""COMPUTED_VALUE"""),"Usluga (xizmatlar)") -> Usluga (xizmatlar) | I91: =IFERROR(__xludf.DUMMYFUNCTION("""COMPUTED_VALUE"""),1.6658726E7) -> 16658726 | J91: =IFERROR(__xludf.DUMMYFUNCTION("""COMPUTED_VALUE"""),383.0) -> 383 | K91: =IFERROR(__xludf.DUMMYFUNCTION("""COMPUTED_VALUE"""),"Краска услуга") -> Краска услуга
F92: =IFERROR(__xludf.DUMMYFUNCTION("""COMPUTED_VALUE"""),46307.0) -> 46307 | G92: =IFERROR(__xludf.DUMMYFUNCTION("""COMPUTED_VALUE"""),0.5506944444444445) -> 0.55069444 | H92: =IFERROR(__xludf.DUMMYFUNCTION("""COMPUTED_VALUE"""),"Zapravka") -> Zapravka | I92: =IFERROR(__xludf.DUMMYFUNCTION("""COMPUTED_VALUE"""),420000.0) -> 420000 | K92: =IFERROR(__xludf.DUMMYFUNCTION("""COMPUTED_VALUE"""),"Газ") -> Газ
F93: =IFERROR(__xludf.DUMMYFUNCTION("""COMPUTED_VALUE"""),46306.0) -> 46306 | G93: =IFERROR(__xludf.DUMMYFUNCTION("""COMPUTED_VALUE"""),0.8548611111111111) -> 0.85486111 | H93: =IFERROR(__xludf.DUMMYFUNCTION("""COMPUTED_VALUE"""),"Ойлик (ish haqi)") -> Ойлик (ish haqi) | I93: =IFERROR(__xludf.DUMMYFUNCTION("""COMPUTED_VALUE"""),300000.0) -> 300000 | K93: =IFERROR(__xludf.DUMMYFUNCTION("""COMPUTED_VALUE"""),"Ойлик озим") -> Ойлик озим
F94: =IFERROR(__xludf.DUMMYFUNCTION("""COMPUTED_VALUE"""),46306.0) -> 46306 | G94: =IFERROR(__xludf.DUMMYFUNCTION("""COMPUTED_VALUE"""),0.8527777777777777) -> 0.85277778 | H94: =IFERROR(__xludf.DUMMYFUNCTION("""COMPUTED_VALUE"""),"Ovqat") -> Ovqat | I94: =IFERROR(__xludf.DUMMYFUNCTION("""COMPUTED_VALUE"""),35000.0) -> 35000 | K94: =IFERROR(__xludf.DUMMYFUNCTION("""COMPUTED_VALUE"""),"Обед озим") -> Обед озим
F95: =IFERROR(__xludf.DUMMYFUNCTION("""COMPUTED_VALUE"""),46305.0) -> 46305 | G95: =IFERROR(__xludf.DUMMYFUNCTION("""COMPUTED_VALUE"""),0.825) -> 0.825 | H95: =IFERROR(__xludf.DUMMYFUNCTION("""COMPUTED_VALUE"""),"Ovqat") -> Ovqat | I95: =IFERROR(__xludf.DUMMYFUNCTION("""COMPUTED_VALUE"""),35000.0) -> 35000 | K95: =IFERROR(__xludf.DUMMYFUNCTION("""COMPUTED_VALUE"""),"Обед озим") -> Обед озим
F96: =IFERROR(__xludf.DUMMYFUNCTION("""COMPUTED_VALUE"""),46305.0) -> 46305 | G96: =IFERROR(__xludf.DUMMYFUNCTION("""COMPUTED_VALUE"""),0.8243055555555555) -> 0.82430556 | H96: =IFERROR(__xludf.DUMMYFUNCTION("""COMPUTED_VALUE"""),"Ойлик (ish haqi)") -> Ойлик (ish haqi) | I96: =IFERROR(__xludf.DUMMYFUNCTION("""COMPUTED_VALUE"""),20000.0) -> 20000 | K96: =IFERROR(__xludf.DUMMYFUNCTION("""COMPUTED_VALUE"""),"Стадион Элбек ойлик") -> Стадион Элбек ойлик
F97: =IFERROR(__xludf.DUMMYFUNCTION("""COMPUTED_VALUE"""),46305.0) -> 46305 | G97: =IFERROR(__xludf.DUMMYFUNCTION("""COMPUTED_VALUE"""),0.8208333333333333) -> 0.82083333 | H97: =IFERROR(__xludf.DUMMYFUNCTION("""COMPUTED_VALUE"""),"Ойлик (ish haqi)") -> Ойлик (ish haqi) | I97: =IFERROR(__xludf.DUMMYFUNCTION("""COMPUTED_VALUE"""),20000.0) -> 20000 | K97: =IFERROR(__xludf.DUMMYFUNCTION("""COMPUTED_VALUE"""),"Стадион") -> Стадион
F98: =IFERROR(__xludf.DUMMYFUNCTION("""COMPUTED_VALUE"""),46305.0) -> 46305 | G98: =IFERROR(__xludf.DUMMYFUNCTION("""COMPUTED_VALUE"""),0.8208333333333333) -> 0.82083333 | H98: =IFERROR(__xludf.DUMMYFUNCTION("""COMPUTED_VALUE"""),"Ойлик (ish haqi)") -> Ойлик (ish haqi) | I98: =IFERROR(__xludf.DUMMYFUNCTION("""COMPUTED_VALUE"""),20000.0) -> 20000 | K98: =IFERROR(__xludf.DUMMYFUNCTION("""COMPUTED_VALUE"""),"Стадион") -> Стадион
F99: =IFERROR(__xludf.DUMMYFUNCTION("""COMPUTED_VALUE"""),46305.0) -> 46305 | G99: =IFERROR(__xludf.DUMMYFUNCTION("""COMPUTED_VALUE"""),0.8159722222222222) -> 0.81597222 | H99: =IFERROR(__xludf.DUMMYFUNCTION("""COMPUTED_VALUE"""),"Ойлик (ish haqi)") -> Ойлик (ish haqi) | I99: =IFERROR(__xludf.DUMMYFUNCTION("""COMPUTED_VALUE"""),20000.0) -> 20000 | K99: =IFERROR(__xludf.DUMMYFUNCTION("""COMPUTED_VALUE"""),"Стадион") -> Стадион
F100: =IFERROR(__xludf.DUMMYFUNCTION("""COMPUTED_VALUE"""),46305.0) -> 46305 | G100: =IFERROR(__xludf.DUMMYFUNCTION("""COMPUTED_VALUE"""),0.8152777777777778) -> 0.81527778 | H100: =IFERROR(__xludf.DUMMYFUNCTION("""COMPUTED_VALUE"""),"Ойлик (ish haqi)") -> Ойлик (ish haqi) | I100: =IFERROR(__xludf.DUMMYFUNCTION("""COMPUTED_VALUE"""),20000.0) -> 20000 | K100: =IFERROR(__xludf.DUMMYFUNCTION("""COMPUTED_VALUE"""),20000.0) -> 20000
F101: =IFERROR(__xludf.DUMMYFUNCTION("""COMPUTED_VALUE"""),46305.0) -> 46305 | G101: =IFERROR(__xludf.DUMMYFUNCTION("""COMPUTED_VALUE"""),0.8145833333333333) -> 0.81458333 | H101: =IFERROR(__xludf.DUMMYFUNCTION("""COMPUTED_VALUE"""),"Ойлик (ish haqi)") -> Ойлик (ish haqi) | I101: =IFERROR(__xludf.DUMMYFUNCTION("""COMPUTED_VALUE"""),20000.0) -> 20000 | K101: =IFERROR(__xludf.DUMMYFUNCTION("""COMPUTED_VALUE"""),"Стадион") -> Стадион
F102: =IFERROR(__xludf.DUMMYFUNCTION("""COMPUTED_VALUE"""),46305.0) -> 46305 | G102: =IFERROR(__xludf.DUMMYFUNCTION("""COMPUTED_VALUE"""),0.8145833333333333) -> 0.81458333 | H102: =IFERROR(__xludf.DUMMYFUNCTION("""COMPUTED_VALUE"""),"Ойлик (ish haqi)") -> Ойлик (ish haqi) | I102: =IFERROR(__xludf.DUMMYFUNCTION("""COMPUTED_VALUE"""),20000.0) -> 20000 | K102: =IFERROR(__xludf.DUMMYFUNCTION("""COMPUTED_VALUE"""),"Стадион") -> Стадион
...

Sheet Ishchi kartasi
A1: 👷 Ishchi kartasi — kim qancha oylik olgan, qachon va nima uchun | Y1: =IFERROR(__xludf.DUMMYFUNCTION("ARRAYFORMULA(IFERROR(IF(COUNTIF(Ishchilar!B:B,$B$3),$B$3,INDEX(FILTER(Ishchilar!B2:B1001,Ishchilar!B2:B1001<>"""",ISNUMBER(SEARCH("" ""&Ishchilar!B2:B1001&"" "","" ""&SUBSTITUTE(SUBSTITUTE($B$3&"""",""°"","" ""),""•"","" "")&"" ""))),1)),$B$3))"),"Dilmurod") -> Dilmurod | Z1: =IFERROR(__xludf.DUMMYFUNCTION("LET(a,{Ishchilar!B2:B1001;IFERROR(FILTER(Amallar!R2:R1001,Amallar!K2:K1001=""oylik""),"""")},SORT(UNIQUE(FILTER(a,a<>""""))))"),3.0) -> 3
A2: Bu yerda faqat oylik. Umid va Islomga ish uchun bergan pullaringiz → «💸 Xarajat puli» varag'ida. | Y2: =IFERROR(__xludf.DUMMYFUNCTION("ARRAYFORMULA(IFERROR(IF(COUNTIF(Xodimlar!B:B,$B$3),$B$3,INDEX(FILTER(Xodimlar!B2:B1001,Xodimlar!B2:B1001<>"""",ISNUMBER(SEARCH("" ""&$B$3&"" "","" ""&SUBSTITUTE(SUBSTITUTE(Xodimlar!B2:B1001&"""",""°"","" ""),""•"","" "")&"" ""))),1)),$B$3))"),"Dilmurod") -> Dilmurod | Z2: =IFERROR(__xludf.DUMMYFUNCTION("""COMPUTED_VALUE"""),"Axmadilla") -> Axmadilla
A3: 👤 Ishchi: | B3: Dilmurod | E3: ← katakni bosing va ro'yxatdan ismni tanlang | Z3: =IFERROR(__xludf.DUMMYFUNCTION("""COMPUTED_VALUE"""),"Baxodir") -> Baxodir
A4: 📅 Davr: | B4: 46289 | C4: gacha: | D4: 46319 | E4: ← ikkala sanani ham ikki marta bosing — kalendar ochiladi | Z4: =IFERROR(__xludf.DUMMYFUNCTION("""COMPUTED_VALUE"""),"Dilmurod") -> Dilmurod
A5: Bo'lim / lavozim: | B5: {=IFERROR(INDEX(Ishchilar!A:A,MATCH($Y$1,Ishchilar!B:B,0))&IF(INDEX(Ishchilar!C:C,MATCH($Y$1,Ishchilar!B:B,0))="",""," · "&INDEX(Ishchilar!C:C,MATCH($Y$1,Ishchilar!B:B,0))),"—")} -> 1-komanda (sborka-ustanovka) · bosh usta | Z5: =IFERROR(__xludf.DUMMYFUNCTION("""COMPUTED_VALUE"""),"Doston") -> Doston
Z6: =IFERROR(__xludf.DUMMYFUNCTION("""COMPUTED_VALUE"""),"Elbek") -> Elbek
A7: 💵 Avans (shu davrda) | C7: 🧾 Oylik (shu davrda) | E7: 💰 Jami (shu davrda) | G7: 📝 Necha marta · oxirgi | Z7: =IFERROR(__xludf.DUMMYFUNCTION("""COMPUTED_VALUE"""),"Elyor") -> Elyor
A8: =SUMIFS(Amallar!G:G,Amallar!R:R,$Y$1,Amallar!K:K,"oylik",Amallar!F:F,"Chiqim",Amallar!S:S,"Avans",Amallar!B:B,">="&$B$4,Amallar!B:B,"<"&($D$4+1),Amallar!Q:Q,"<>Ha") -> 20991106 | C8: =SUMIFS(Amallar!G:G,Amallar!R:R,$Y$1,Amallar!K:K,"oylik",Amallar!F:F,"Chiqim",Amallar!S:S,"Oylik",Amallar!B:B,">="&$B$4,Amallar!B:B,"<"&($D$4+1),Amallar!Q:Q,"<>Ha") -> 0 | E8: =SUMIFS(Amallar!G:G,Amallar!R:R,$Y$1,Amallar!K:K,"oylik",Amallar!F:F,"Chiqim",Amallar!B:B,">="&$B$4,Amallar!B:B,"<"&($D$4+1),Amallar!Q:Q,"<>Ha") -> 20991106 | G8: =COUNTIFS(Amallar!R:R,$Y$1,Amallar!K:K,"oylik",Amallar!F:F,"Chiqim",Amallar!B:B,">="&$B$4,Amallar!B:B,"<"&($D$4+1),Amallar!Q:Q,"<>Ha")&" marta · "&IFERROR(TEXT(MAXIFS(Amallar!B:B,Amallar!R:R,$Y$1,Amallar!K:K,"oylik",Amallar!F:F,"Chiqim",Amallar!Q:Q,"<>Ha"),"dd.mm.yyyy"),"—") -> 8 marta · 20.10.2026 | Z8: =IFERROR(__xludf.DUMMYFUNCTION("""COMPUTED_VALUE"""),"Islom") -> Islom
Z9: =IFERROR(__xludf.DUMMYFUNCTION("""COMPUTED_VALUE"""),"Izzatilla") -> Izzatilla
A10: 👤 Kim bergan | E10: 📋 Har bir oylik (yangisi tepada) | Z10: =IFERROR(__xludf.DUMMYFUNCTION("""COMPUTED_VALUE"""),"Jalol") -> Jalol
A11: =IFERROR(__xludf.DUMMYFUNCTION("IFERROR(QUERY(FILTER({Amallar!E2:E1001,Amallar!G2:G1001},Amallar!R2:R1001=$Y$1,Amallar!K2:K1001=""oylik"",Amallar!F2:F1001=""Chiqim"",Amallar!Q2:Q1001<>""Ha"",Amallar!B2:B1001>=$B$4,Amallar!B2:B1001<$D$4+1),""select Col1, sum(Col2), count(Col2) group by C"&"ol1 order by sum(Col2) desc label Col1 'Kim bergan', sum(Col2) 'Summa', count(Col2) 'Soni'"",0),""— oylik yo'q"")"),"Kim bergan") -> Kim bergan | B11: =IFERROR(__xludf.DUMMYFUNCTION("""COMPUTED_VALUE"""),"Summa") -> Summa | C11: =IFERROR(__xludf.DUMMYFUNCTION("""COMPUTED_VALUE"""),"Soni") -> Soni | E11: Sana | F11: Vaqt | G11: Summa (so'm) | H11: Dollarda | I11: Kim berdi | J11: Izoh (nima uchun) | K11: Turi | Z11: =IFERROR(__xludf.DUMMYFUNCTION("""COMPUTED_VALUE"""),"Jamshid") -> Jamshid
A12: =IFERROR(__xludf.DUMMYFUNCTION("""COMPUTED_VALUE"""),"МирМуxаммад Файзуллаев") -> МирМуxаммад Файзуллаев | B12: =IFERROR(__xludf.DUMMYFUNCTION("""COMPUTED_VALUE"""),2.0751106E7) -> 20751106 | C12: =IFERROR(__xludf.DUMMYFUNCTION("""COMPUTED_VALUE"""),5.0) -> 5 | E12: =IFERROR(__xludf.DUMMYFUNCTION("IFERROR(ARRAYFORMULA(SORT(FILTER({Amallar!B2:B1001,Amallar!C2:C1001,Amallar!G2:G1001,IF(Amallar!H2:H1001=""USD"",Amallar!I2:I1001&"" $"",""""),Amallar!E2:E1001,Amallar!N2:N1001,IF(Amallar!S2:S1001=""Oylik"",""🧾 Oylik"",""💵 Avans"")},Amallar!R2:R1001=$Y$"&"1,Amallar!K2:K1001=""oylik"",Amallar!F2:F1001=""Chiqim"",Amallar!Q2:Q1001<>""Ha"",Amallar!B2:B1001>=$B$4,Amallar!B2:B1001<$D$4+1),1,FALSE,2,FALSE)),""— bu davrda oylik yo'q"")"),46315.0) -> 46315 | F12: =IFERROR(__xludf.DUMMYFUNCTION("""COMPUTED_VALUE"""),0.7770833333333333) -> 0.77708333 | G12: =IFERROR(__xludf.DUMMYFUNCTION("""COMPUTED_VALUE"""),3613416.0) -> 3613416 | H12: =IFERROR(__xludf.DUMMYFUNCTION("""COMPUTED_VALUE"""),"300 $") -> 300 $ | I12: =IFERROR(__xludf.DUMMYFUNCTION("""COMPUTED_VALUE"""),"МирМуxаммад Файзуллаев") -> МирМуxаммад Файзуллаев | J12: =IFERROR(__xludf.DUMMYFUNCTION("""COMPUTED_VALUE"""),"oylik dilmurod elbek") -> oylik dilmurod elbek | K12: =IFERROR(__xludf.DUMMYFUNCTION("""COMPUTED_VALUE"""),"💵 Avans") -> 💵 Avans | Z12: =IFERROR(__xludf.DUMMYFUNCTION("""COMPUTED_VALUE"""),"Jasur") -> Jasur
A13: =IFERROR(__xludf.DUMMYFUNCTION("""COMPUTED_VALUE"""),"°°•• Gafurov Islom ••°°") -> °°•• Gafurov Islom ••°° | B13: =IFERROR(__xludf.DUMMYFUNCTION("""COMPUTED_VALUE"""),240000.0) -> 240000 | C13: =IFERROR(__xludf.DUMMYFUNCTION("""COMPUTED_VALUE"""),3.0) -> 3 | E13: =IFERROR(__xludf.DUMMYFUNCTION("""COMPUTED_VALUE"""),46314.0) -> 46314 | F13: =IFERROR(__xludf.DUMMYFUNCTION("""COMPUTED_VALUE"""),0.7194444444444444) -> 0.71944444 | G13: =IFERROR(__xludf.DUMMYFUNCTION("""COMPUTED_VALUE"""),3000000.0) -> 3000000 | H13: =IFERROR(__xludf.DUMMYFUNCTION("""COMPUTED_VALUE"""),"") | I13: =IFERROR(__xludf.DUMMYFUNCTION("""COMPUTED_VALUE"""),"МирМуxаммад Файзуллаев") -> МирМуxаммад Файзуллаев | J13: =IFERROR(__xludf.DUMMYFUNCTION("""COMPUTED_VALUE"""),"oylik dilmurodaka shogirtga") -> oylik dilmurodaka shogirtga | K13: =IFERROR(__xludf.DUMMYFUNCTION("""COMPUTED_VALUE"""),"💵 Avans") -> 💵 Avans | Z13: =IFERROR(__xludf.DUMMYFUNCTION("""COMPUTED_VALUE"""),"Jumaka") -> Jumaka
E14: =IFERROR(__xludf.DUMMYFUNCTION("""COMPUTED_VALUE"""),46307.0) -> 46307 | F14: =IFERROR(__xludf.DUMMYFUNCTION("""COMPUTED_VALUE"""),0.7201388888888889) -> 0.72013889 | G14: =IFERROR(__xludf.DUMMYFUNCTION("""COMPUTED_VALUE"""),1.18979E7) -> 11897900 | H14: =IFERROR(__xludf.DUMMYFUNCTION("""COMPUTED_VALUE"""),"1000 $") -> 1000 $ | I14: =IFERROR(__xludf.DUMMYFUNCTION("""COMPUTED_VALUE"""),"МирМуxаммад Файзуллаев") -> МирМуxаммад Файзуллаев | J14: =IFERROR(__xludf.DUMMYFUNCTION("""COMPUTED_VALUE"""),"oylik dilmurodaka moshina arenda") -> oylik dilmurodaka moshina arenda | K14: =IFERROR(__xludf.DUMMYFUNCTION("""COMPUTED_VALUE"""),"💵 Avans") -> 💵 Avans | Z14: =IFERROR(__xludf.DUMMYFUNCTION("""COMPUTED_VALUE"""),"Maftuna") -> Maftuna
E15: =IFERROR(__xludf.DUMMYFUNCTION("""COMPUTED_VALUE"""),46307.0) -> 46307 | F15: =IFERROR(__xludf.DUMMYFUNCTION("""COMPUTED_VALUE"""),0.7152777777777778) -> 0.71527778 | G15: =IFERROR(__xludf.DUMMYFUNCTION("""COMPUTED_VALUE"""),1189790.0) -> 1189790 | H15: =IFERROR(__xludf.DUMMYFUNCTION("""COMPUTED_VALUE"""),"100 $") -> 100 $ | I15: =IFERROR(__xludf.DUMMYFUNCTION("""COMPUTED_VALUE"""),"МирМуxаммад Файзуллаев") -> МирМуxаммад Файзуллаев | J15: =IFERROR(__xludf.DUMMYFUNCTION("""COMPUTED_VALUE"""),"oylik dilmurodaka tugilgan kun") -> oylik dilmurodaka tugilgan kun | K15: =IFERROR(__xludf.DUMMYFUNCTION("""COMPUTED_VALUE"""),"💵 Avans") -> 💵 Avans | Z15: =IFERROR(__xludf.DUMMYFUNCTION("""COMPUTED_VALUE"""),"Mexriniso") -> Mexriniso
E16: =IFERROR(__xludf.DUMMYFUNCTION("""COMPUTED_VALUE"""),46307.0) -> 46307 | F16: =IFERROR(__xludf.DUMMYFUNCTION("""COMPUTED_VALUE"""),0.6694444444444444) -> 0.66944444 | G16: =IFERROR(__xludf.DUMMYFUNCTION("""COMPUTED_VALUE"""),1050000.0) -> 1050000 | H16: =IFERROR(__xludf.DUMMYFUNCTION("""COMPUTED_VALUE"""),"") | I16: =IFERROR(__xludf.DUMMYFUNCTION("""COMPUTED_VALUE"""),"МирМуxаммад Файзуллаев") -> МирМуxаммад Файзуллаев | J16: =IFERROR(__xludf.DUMMYFUNCTION("""COMPUTED_VALUE"""),"oylik dilmurodaka shogirtga berganla") -> oylik dilmurodaka shogirtga berganla | K16: =IFERROR(__xludf.DUMMYFUNCTION("""COMPUTED_VALUE"""),"💵 Avans") -> 💵 Avans | Z16: =IFERROR(__xludf.DUMMYFUNCTION("""COMPUTED_VALUE"""),"Mirjamol") -> Mirjamol
E17: =IFERROR(__xludf.DUMMYFUNCTION("""COMPUTED_VALUE"""),46305.0) -> 46305 | F17: =IFERROR(__xludf.DUMMYFUNCTION("""COMPUTED_VALUE"""),0.8243055555555555) -> 0.82430556 | G17: =IFERROR(__xludf.DUMMYFUNCTION("""COMPUTED_VALUE"""),20000.0) -> 20000 | H17: =IFERROR(__xludf.DUMMYFUNCTION("""COMPUTED_VALUE"""),"") | I17: =IFERROR(__xludf.DUMMYFUNCTION("""COMPUTED_VALUE"""),"°°•• Gafurov Islom ••°°") -> °°•• Gafurov Islom ••°° | J17: =IFERROR(__xludf.DUMMYFUNCTION("""COMPUTED_VALUE"""),"Стадион Элбек ойлик") -> Стадион Элбек ойлик | K17: =IFERROR(__xludf.DUMMYFUNCTION("""COMPUTED_VALUE"""),"💵 Avans") -> 💵 Avans | Z17: =IFERROR(__xludf.DUMMYFUNCTION("""COMPUTED_VALUE"""),"Mumina") -> Mumina
E18: =IFERROR(__xludf.DUMMYFUNCTION("""COMPUTED_VALUE"""),46305.0) -> 46305 | F18: =IFERROR(__xludf.DUMMYFUNCTION("""COMPUTED_VALUE"""),0.8090277777777778) -> 0.80902778 | G18: =IFERROR(__xludf.DUMMYFUNCTION("""COMPUTED_VALUE"""),20000.0) -> 20000 | H18: =IFERROR(__xludf.DUMMYFUNCTION("""COMPUTED_VALUE"""),"") | I18: =IFERROR(__xludf.DUMMYFUNCTION("""COMPUTED_VALUE"""),"°°•• Gafurov Islom ••°°") -> °°•• Gafurov Islom ••°° | J18: =IFERROR(__xludf.DUMMYFUNCTION("""COMPUTED_VALUE"""),"Стадион") -> Стадион | K18: =IFERROR(__xludf.DUMMYFUNCTION("""COMPUTED_VALUE"""),"💵 Avans") -> 💵 Avans | Z18: =IFERROR(__xludf.DUMMYFUNCTION("""COMPUTED_VALUE"""),"Muxabbat opa") -> Muxabbat opa
E19: =IFERROR(__xludf.DUMMYFUNCTION("""COMPUTED_VALUE"""),46305.0) -> 46305 | F19: =IFERROR(__xludf.DUMMYFUNCTION("""COMPUTED_VALUE"""),0.0625) -> 0.0625 | G19: =IFERROR(__xludf.DUMMYFUNCTION("""COMPUTED_VALUE"""),200000.0) -> 200000 | H19: =IFERROR(__xludf.DUMMYFUNCTION("""COMPUTED_VALUE"""),"") | I19: =IFERROR(__xludf.DUMMYFUNCTION("""COMPUTED_VALUE"""),"°°•• Gafurov Islom ••°°") -> °°•• Gafurov Islom ••°° | J19: =IFERROR(__xludf.DUMMYFUNCTION("""COMPUTED_VALUE"""),"Элбек аванс") -> Элбек аванс | K19: =IFERROR(__xludf.DUMMYFUNCTION("""COMPUTED_VALUE"""),"💵 Avans") -> 💵 Avans | Z19: =IFERROR(__xludf.DUMMYFUNCTION("""COMPUTED_VALUE"""),"Nafisa") -> Nafisa
Z20: =IFERROR(__xludf.DUMMYFUNCTION("""COMPUTED_VALUE"""),"Nurilla") -> Nurilla
Z21: =IFERROR(__xludf.DUMMYFUNCTION("""COMPUTED_VALUE"""),"Rovshan") -> Rovshan
Z22: =IFERROR(__xludf.DUMMYFUNCTION("""COMPUTED_VALUE"""),"Shavkataka") -> Shavkataka
Z23: =IFERROR(__xludf.DUMMYFUNCTION("""COMPUTED_VALUE"""),"Ulug'bek aka") -> Ulug'bek aka
Z24: =IFERROR(__xludf.DUMMYFUNCTION("""COMPUTED_VALUE"""),"Umid") -> Umid
Z25: =IFERROR(__xludf.DUMMYFUNCTION("""COMPUTED_VALUE"""),"Yulduz") -> Yulduz

Sheet Mijoz kartasi
A1: 🧾 Mijoz kartasi — mijoz ID bo'yicha hamma ma'lumot | Y1: =IFERROR(__xludf.DUMMYFUNCTION("IFERROR(REGEXEXTRACT($B$3&"""",""^\d+""),TRIM($B$3&""""))"),"395") -> 395 | Z1: =IFERROR(__xludf.DUMMYFUNCTION("ARRAYFORMULA(LET(ids,UNIQUE(FILTER({Amallar!M2:M1000&"""";Buyurtmalar!A2:A1000&""""},{Amallar!M2:M1000&"""";Buyurtmalar!A2:A1000&""""}<>"""")),nm,MAP(ids,LAMBDA(i,IFERROR(INDEX(FILTER(Buyurtmalar!B2:B1000,Buyurtmalar!A2:A1000&""""=i),1),""""))),SORT(ids&I"&"F(nm="""","""","" · ""&nm),IFERROR(VALUE(ids),0),FALSE)))"),"410 · Murod aka") -> 410 · Murod aka
Y2: =IFERROR(__xludf.DUMMYFUNCTION("IFERROR(VALUE(INDEX(FILTER(Buyurtmalar!Q2:Q1000,Buyurtmalar!A2:A1000&""""=$Y$1),1)&""""),0)"),12103.0) -> 12103 | Z2: =IFERROR(__xludf.DUMMYFUNCTION("""COMPUTED_VALUE"""),"409 · НИЛУФАР ОПА") -> 409 · НИЛУФАР ОПА
A3: 🧾 Mijoz: | B3: 395 · БЕКЗОД | E3: ← katakni bosing va ro'yxatdan mijozni tanlang (yoki ID yozing) | Y3: =IFERROR(__xludf.DUMMYFUNCTION("IFERROR(INDEX(FILTER(Buyurtmalar!R2:R1000,Buyurtmalar!A2:A1000&""""=$Y$1),1)&"""","""")"),"USD") -> USD | Z3: =IFERROR(__xludf.DUMMYFUNCTION("""COMPUTED_VALUE"""),"408 · BUNYOD") -> 408 · BUNYOD
A4: Mijoz ismi: | B4: =IFERROR(__xludf.DUMMYFUNCTION("IFERROR(INDEX(FILTER(Buyurtmalar!B2:B1000,Buyurtmalar!A2:A1000&""""=$Y$1),1),""— jadvalda yo'q"")"),"БЕКЗОД") -> БЕКЗОД | D4: Holat: | E4: =IFERROR(__xludf.DUMMYFUNCTION("IFERROR(LET(s,INDEX(FILTER(Buyurtmalar!N2:N1000,Buyurtmalar!A2:A1000&""""=$Y$1),1),h,INDEX(FILTER(Buyurtmalar!F2:F1000,Buyurtmalar!A2:A1000&""""=$Y$1),1),IF(s="""",h,s)),""—"")"),"Готов") -> Готов | G4: Mijozdan olindi: | H4: =SUMPRODUCT((Amallar!M2:M1000&""=$Y$1)*(Amallar!F2:F1000="Kirim")*(Amallar!Q2:Q1000<>"Ha")*((Amallar!K2:K1000="avans")+(Amallar!K2:K1000="qoldiq"))*Amallar!G2:G1000) -> 30975700 | Y4: =IFERROR(__xludf.DUMMYFUNCTION("IFERROR(INDEX(SORT(FILTER({Amallar!B2:B1000,Amallar!J2:J1000},Amallar!H2:H1000=""USD"",Amallar!J2:J1000<>""""),1,FALSE),1,2),IFERROR(GOOGLEFINANCE(""CURRENCY:USDUZS""),12000))"),11900.0) -> 11900 | Z4: =IFERROR(__xludf.DUMMYFUNCTION("""COMPUTED_VALUE"""),"407 · Mohir aka") -> 407 · Mohir aka
A5: Итого (sayt): | B5: =IFERROR(__xludf.DUMMYFUNCTION("IFERROR(LET(v,INDEX(FILTER(Buyurtmalar!Q2:Q1000,Buyurtmalar!A2:A1000&""""=$Y$1),1),c,INDEX(FILTER(Buyurtmalar!R2:R1000,Buyurtmalar!A2:A1000&""""=$Y$1),1),IF(v="""",""—"",IF(c=""USD"",TEXT(v,""#,##0"")&"" $"",TEXT(v,""#,##0"")&"" so'm""))),""—"")"),"12,103 $") -> 12,103 $ | D5: Topshirish sanasi: | E5: =IFERROR(__xludf.DUMMYFUNCTION("IFERROR(TEXT(INDEX(FILTER(Buyurtmalar!O2:O1000,Buyurtmalar!A2:A1000&""""=$Y$1),1),""dd.mm.yyyy""),""—"")"),"12.10.2026") -> 12.10.2026 | G5: Dollar kursi: | H5: =$Y$4 -> 11900 | Y5: =IF($Y$3="USD",$Y$2*$Y$4,$Y$2) -> 144025700 | Z5: =IFERROR(__xludf.DUMMYFUNCTION("""COMPUTED_VALUE"""),"406 · НАЗИРА") -> 406 · НАЗИРА
A6: Mebel turi: | B6: =IFERROR(__xludf.DUMMYFUNCTION("IFERROR(INDEX(FILTER(Buyurtmalar!S2:S1000,Buyurtmalar!A2:A1000&""""=$Y$1),1),""—"")"),"ПОЛНЫЙ ДОМ (АКРИЛ)") -> ПОЛНЫЙ ДОМ (АКРИЛ) | D6: Manzil: | E6: =IFERROR(__xludf.DUMMYFUNCTION("IFERROR(INDEX(FILTER(Buyurtmalar!P2:P1000,Buyurtmalar!A2:A1000&""""=$Y$1),1),""—"")"),"Самарканд дарвоза") -> Самарканд дарвоза | Y6: =SUMPRODUCT((Amallar!M2:M1000&""=$Y$1)*(Amallar!F2:F1000="Chiqim")*(Amallar!Q2:Q1000<>"Ha")*(Amallar!K2:K1000<>"otkazma")*(Amallar!K2:K1000<>"rahbarga")*(Amallar!K2:K1000<>"uy")*Amallar!G2:G1000) -> 5584000 | Z6: =IFERROR(__xludf.DUMMYFUNCTION("""COMPUTED_VALUE"""),"405 · НАИМА ОПА") -> 405 · НАИМА ОПА
A7: 💼 Итого (so'm va $) | C7: 🔴 Jami xarajat | E7: 💰 FOYDA (Итого − xarajat) | G7: 📊 Foyda foizi | Y7: =$Y$5-$Y$6 -> 138441700 | Z7: =IFERROR(__xludf.DUMMYFUNCTION("""COMPUTED_VALUE"""),"404 · ФЕРУЗА ОПА") -> 404 · ФЕРУЗА ОПА
A8: =TEXT($Y$5,"#,##0")&" so'm"&CHAR(10)&TEXT(IF($Y$3="USD",$Y$2,IFERROR($Y$2/$Y$4,0)),"#,##0")&" $" -> 144,025,700 so'm 12,103 $ | C8: =TEXT($Y$6,"#,##0")&" so'm"&CHAR(10)&TEXT(IFERROR($Y$6/$Y$4,0),"#,##0")&" $" -> 5,584,000 so'm 469 $ | E8: =IF($Y$7<0,"−","")&TEXT(ABS($Y$7),"#,##0")&" so'm"&CHAR(10)&IF($Y$7<0,"−","")&TEXT(IFERROR(ABS($Y$7)/$Y$4,0),"#,##0")&" $" -> 138,441,700 so'm 11,634 $ | G8: =IFERROR($Y$7/$Y$5,0) -> 0.96122914 | Z8: =IFERROR(__xludf.DUMMYFUNCTION("""COMPUTED_VALUE"""),"403 · Ezoza opa") -> 403 · Ezoza opa
Z9: =IFERROR(__xludf.DUMMYFUNCTION("""COMPUTED_VALUE"""),"402 · GABIDEN AKA") -> 402 · GABIDEN AKA
A10: 📊 Xarajat turlari | E10: 📋 Barcha amallar — kirim va chiqim (yangisi tepada) | Z10: =IFERROR(__xludf.DUMMYFUNCTION("""COMPUTED_VALUE"""),"401 · Aziza opa") -> 401 · Aziza opa
A11: =IFERROR(__xludf.DUMMYFUNCTION("IFERROR(QUERY(FILTER({Amallar!L2:L1000,Amallar!G2:G1000},(Amallar!M2:M1000&""""=$Y$1),Amallar!F2:F1000=""Chiqim"",Amallar!Q2:Q1000<>""Ha""),""select Col1, sum(Col2), count(Col2) group by Col1 order by sum(Col2) desc label Col1 'Turi', sum(Col2) 'Summa', c"&"ount(Col2) 'Soni'"",0),""— xarajat yo'q"")"),"Turi") -> Turi | B11: =IFERROR(__xludf.DUMMYFUNCTION("""COMPUTED_VALUE"""),"Summa") -> Summa | C11: =IFERROR(__xludf.DUMMYFUNCTION("""COMPUTED_VALUE"""),"Soni") -> Soni | E11: Sana | F11: Vaqt | G11: Xodim | H11: Turi | I11: Kategoriya | J11: Summa (so'm) | K11: Izoh | Z11: =IFERROR(__xludf.DUMMYFUNCTION("""COMPUTED_VALUE"""),"400 · Гулмирапа") -> 400 · Гулмирапа
A12: =IFERROR(__xludf.DUMMYFUNCTION("""COMPUTED_VALUE"""),"Xodimlar o'rtasida o'tkazma") -> Xodimlar o'rtasida o'tkazma | B12: =IFERROR(__xludf.DUMMYFUNCTION("""COMPUTED_VALUE"""),3.09757E7) -> 30975700 | C12: =IFERROR(__xludf.DUMMYFUNCTION("""COMPUTED_VALUE"""),1.0) -> 1 | E12: =IFERROR(__xludf.DUMMYFUNCTION("IFERROR(SORT(FILTER({Amallar!B2:B1000,Amallar!C2:C1000,Amallar!E2:E1000,Amallar!F2:F1000,Amallar!L2:L1000,Amallar!G2:G1000,Amallar!N2:N1000},(Amallar!M2:M1000&""""=$Y$1),Amallar!Q2:Q1000<>""Ha""),1,FALSE,2,FALSE),""— bu ID bo'yicha yozuv yo'q"")"),46319.0) -> 46319 | F12: =IFERROR(__xludf.DUMMYFUNCTION("""COMPUTED_VALUE"""),0.6444444444444445) -> 0.64444444 | G12: =IFERROR(__xludf.DUMMYFUNCTION("""COMPUTED_VALUE"""),"Umid Yusupov") -> Umid Yusupov | H12: =IFERROR(__xludf.DUMMYFUNCTION("""COMPUTED_VALUE"""),"Chiqim") -> Chiqim | I12: =IFERROR(__xludf.DUMMYFUNCTION("""COMPUTED_VALUE"""),"Xodimlar o'rtasida o'tkazma") -> Xodimlar o'rtasida o'tkazma | J12: =IFERROR(__xludf.DUMMYFUNCTION("""COMPUTED_VALUE"""),3.09757E7) -> 30975700 | K12: =IFERROR(__xludf.DUMMYFUNCTION("""COMPUTED_VALUE"""),"Rahbarga topshirdi: 395 · БЕКЗОД (#408)") -> Rahbarga topshirdi: 395 · БЕКЗОД (#408) | Z12: =IFERROR(__xludf.DUMMYFUNCTION("""COMPUTED_VALUE"""),"399 · АЛИЖОН АКА") -> 399 · АЛИЖОН АКА
A13: =IFERROR(__xludf.DUMMYFUNCTION("""COMPUTED_VALUE"""),"Заказ материал") -> Заказ материал | B13: =IFERROR(__xludf.DUMMYFUNCTION("""COMPUTED_VALUE"""),2250000.0) -> 2250000 | C13: =IFERROR(__xludf.DUMMYFUNCTION("""COMPUTED_VALUE"""),1.0) -> 1 | E13: =IFERROR(__xludf.DUMMYFUNCTION("""COMPUTED_VALUE"""),46319.0) -> 46319 | F13: =IFERROR(__xludf.DUMMYFUNCTION("""COMPUTED_VALUE"""),0.6444444444444445) -> 0.64444444 | G13: =IFERROR(__xludf.DUMMYFUNCTION("""COMPUTED_VALUE"""),"МирМуxаммад Файзуллаев") -> МирМуxаммад Файзуллаев | H13: =IFERROR(__xludf.DUMMYFUNCTION("""COMPUTED_VALUE"""),"Kirim") -> Kirim | I13: =IFERROR(__xludf.DUMMYFUNCTION("""COMPUTED_VALUE"""),"Xodimlar o'rtasida o'tkazma") -> Xodimlar o'rtasida o'tkazma | J13: =IFERROR(__xludf.DUMMYFUNCTION("""COMPUTED_VALUE"""),3.09757E7) -> 30975700 | K13: =IFERROR(__xludf.DUMMYFUNCTION("""COMPUTED_VALUE"""),"#418: Rahbarga topshirdi: 395 · БЕКЗОД (#408)") -> #418: Rahbarga topshirdi: 395 · БЕКЗОД (#408) | Z13: =IFERROR(__xludf.DUMMYFUNCTION("""COMPUTED_VALUE"""),"398 · СОХИБА") -> 398 · СОХИБА
A14: =IFERROR(__xludf.DUMMYFUNCTION("""COMPUTED_VALUE"""),"Furnitura") -> Furnitura | B14: =IFERROR(__xludf.DUMMYFUNCTION("""COMPUTED_VALUE"""),1630000.0) -> 1630000 | C14: =IFERROR(__xludf.DUMMYFUNCTION("""COMPUTED_VALUE"""),2.0) -> 2 | E14: =IFERROR(__xludf.DUMMYFUNCTION("""COMPUTED_VALUE"""),46318.0) -> 46318 | F14: =IFERROR(__xludf.DUMMYFUNCTION("""COMPUTED_VALUE"""),0.7430555555555556) -> 0.74305556 | G14: =IFERROR(__xludf.DUMMYFUNCTION("""COMPUTED_VALUE"""),"Umid Yusupov") -> Umid Yusupov | H14: =IFERROR(__xludf.DUMMYFUNCTION("""COMPUTED_VALUE"""),"Kirim") -> Kirim | I14: =IFERROR(__xludf.DUMMYFUNCTION("""COMPUTED_VALUE"""),"Qoldiq to'lov (bitgan zakaz)") -> Qoldiq to'lov (bitgan zakaz) | J14: =IFERROR(__xludf.DUMMYFUNCTION("""COMPUTED_VALUE"""),3.09757E7) -> 30975700 | K14: =IFERROR(__xludf.DUMMYFUNCTION("""COMPUTED_VALUE"""),"Pul oldim (mijozdan qoldiq)") -> Pul oldim (mijozdan qoldiq) | Z14: =IFERROR(__xludf.DUMMYFUNCTION("""COMPUTED_VALUE"""),"397 · XAMID AKA") -> 397 · XAMID AKA
A15: =IFERROR(__xludf.DUMMYFUNCTION("""COMPUTED_VALUE"""),"Ovqat") -> Ovqat | B15: =IFERROR(__xludf.DUMMYFUNCTION("""COMPUTED_VALUE"""),1140000.0) -> 1140000 | C15: =IFERROR(__xludf.DUMMYFUNCTION("""COMPUTED_VALUE"""),7.0) -> 7 | E15: =IFERROR(__xludf.DUMMYFUNCTION("""COMPUTED_VALUE"""),46314.0) -> 46314 | F15: =IFERROR(__xludf.DUMMYFUNCTION("""COMPUTED_VALUE"""),0.9076388888888889) -> 0.90763889 | G15: =IFERROR(__xludf.DUMMYFUNCTION("""COMPUTED_VALUE"""),"°°•• Gafurov Islom ••°°") -> °°•• Gafurov Islom ••°° | H15: =IFERROR(__xludf.DUMMYFUNCTION("""COMPUTED_VALUE"""),"Chiqim") -> Chiqim | I15: =IFERROR(__xludf.DUMMYFUNCTION("""COMPUTED_VALUE"""),"Usluga (xizmatlar)") -> Usluga (xizmatlar) | J15: =IFERROR(__xludf.DUMMYFUNCTION("""COMPUTED_VALUE"""),212000.0) -> 212000 | K15: =IFERROR(__xludf.DUMMYFUNCTION("""COMPUTED_VALUE"""),"Кромка ровер") -> Кромка ровер | Z15: =IFERROR(__xludf.DUMMYFUNCTION("""COMPUTED_VALUE"""),"396 · Mohir aka") -> 396 · Mohir aka
A16: =IFERROR(__xludf.DUMMYFUNCTION("""COMPUTED_VALUE"""),"Usluga (xizmatlar)") -> Usluga (xizmatlar) | B16: =IFERROR(__xludf.DUMMYFUNCTION("""COMPUTED_VALUE"""),504000.0) -> 504000 | C16: =IFERROR(__xludf.DUMMYFUNCTION("""COMPUTED_VALUE"""),3.0) -> 3 | E16: =IFERROR(__xludf.DUMMYFUNCTION("""COMPUTED_VALUE"""),46314.0) -> 46314 | F16: =IFERROR(__xludf.DUMMYFUNCTION("""COMPUTED_VALUE"""),0.7847222222222222) -> 0.78472222 | G16: =IFERROR(__xludf.DUMMYFUNCTION("""COMPUTED_VALUE"""),"°°•• Gafurov Islom ••°°") -> °°•• Gafurov Islom ••°° | H16: =IFERROR(__xludf.DUMMYFUNCTION("""COMPUTED_VALUE"""),"Chiqim") -> Chiqim | I16: =IFERROR(__xludf.DUMMYFUNCTION("""COMPUTED_VALUE"""),"Furnitura") -> Furnitura | J16: =IFERROR(__xludf.DUMMYFUNCTION("""COMPUTED_VALUE"""),886000.0) -> 886000 | K16: =IFERROR(__xludf.DUMMYFUNCTION("""COMPUTED_VALUE"""),"Ойна подсветка") -> Ойна подсветка | Z16: =IFERROR(__xludf.DUMMYFUNCTION("""COMPUTED_VALUE"""),"395 · БЕКЗОД") -> 395 · БЕКЗОД
A17: =IFERROR(__xludf.DUMMYFUNCTION("""COMPUTED_VALUE"""),"Mashina / dostavka") -> Mashina / dostavka | B17: =IFERROR(__xludf.DUMMYFUNCTION("""COMPUTED_VALUE"""),60000.0) -> 60000 | C17: =IFERROR(__xludf.DUMMYFUNCTION("""COMPUTED_VALUE"""),2.0) -> 2 | E17: =IFERROR(__xludf.DUMMYFUNCTION("""COMPUTED_VALUE"""),46312.0) -> 46312 | F17: =IFERROR(__xludf.DUMMYFUNCTION("""COMPUTED_VALUE"""),0.8909722222222223) -> 0.89097222 | G17: =IFERROR(__xludf.DUMMYFUNCTION("""COMPUTED_VALUE"""),"Umid Yusupov") -> Umid Yusupov | H17: =IFERROR(__xludf.DUMMYFUNCTION("""COMPUTED_VALUE"""),"Chiqim") -> Chiqim | I17: =IFERROR(__xludf.DUMMYFUNCTION("""COMPUTED_VALUE"""),"Ovqat") -> Ovqat | J17: =IFERROR(__xludf.DUMMYFUNCTION("""COMPUTED_VALUE"""),100000.0) -> 100000 | K17: =IFERROR(__xludf.DUMMYFUNCTION("""COMPUTED_VALUE"""),"Ужин сув 2 киши") -> Ужин сув 2 киши | Z17: =IFERROR(__xludf.DUMMYFUNCTION("""COMPUTED_VALUE"""),"394 · Alisher aka") -> 394 · Alisher aka
E18: =IFERROR(__xludf.DUMMYFUNCTION("""COMPUTED_VALUE"""),46312.0) -> 46312 | F18: =IFERROR(__xludf.DUMMYFUNCTION("""COMPUTED_VALUE"""),0.6958333333333333) -> 0.69583333 | G18: =IFERROR(__xludf.DUMMYFUNCTION("""COMPUTED_VALUE"""),"МирМуxаммад Файзуллаев") -> МирМуxаммад Файзуллаев | H18: =IFERROR(__xludf.DUMMYFUNCTION("""COMPUTED_VALUE"""),"Chiqim") -> Chiqim | I18: =IFERROR(__xludf.DUMMYFUNCTION("""COMPUTED_VALUE"""),"Furnitura") -> Furnitura | J18: =IFERROR(__xludf.DUMMYFUNCTION("""COMPUTED_VALUE"""),744000.0) -> 744000 | K18: =IFERROR(__xludf.DUMMYFUNCTION("""COMPUTED_VALUE"""),"begzod 395 karkaz krovat") -> begzod 395 karkaz krovat | Z18: =IFERROR(__xludf.DUMMYFUNCTION("""COMPUTED_VALUE"""),"393 · ХУСНИДДИН") -> 393 · ХУСНИДДИН
E19: =IFERROR(__xludf.DUMMYFUNCTION("""COMPUTED_VALUE"""),46311.0) -> 46311 | F19: =IFERROR(__xludf.DUMMYFUNCTION("""COMPUTED_VALUE"""),0.6138888888888889) -> 0.61388889 | G19: =IFERROR(__xludf.DUMMYFUNCTION("""COMPUTED_VALUE"""),"Umid Yusupov") -> Umid Yusupov | H19: =IFERROR(__xludf.DUMMYFUNCTION("""COMPUTED_VALUE"""),"Chiqim") -> Chiqim | I19: =IFERROR(__xludf.DUMMYFUNCTION("""COMPUTED_VALUE"""),"Mashina / dostavka") -> Mashina / dostavka | J19: =IFERROR(__xludf.DUMMYFUNCTION("""COMPUTED_VALUE"""),40000.0) -> 40000 | K19: =IFERROR(__xludf.DUMMYFUNCTION("""COMPUTED_VALUE"""),"Элбек ака уйга бориш") -> Элбек ака уйга бориш | Z19: =IFERROR(__xludf.DUMMYFUNCTION("""COMPUTED_VALUE"""),"392 · МАРХАБО") -> 392 · МАРХАБО
E20: =IFERROR(__xludf.DUMMYFUNCTION("""COMPUTED_VALUE"""),46310.0) -> 46310 | F20: =IFERROR(__xludf.DUMMYFUNCTION("""COMPUTED_VALUE"""),0.8819444444444444) -> 0.88194444 | G20: =IFERROR(__xludf.DUMMYFUNCTION("""COMPUTED_VALUE"""),"Umid Yusupov") -> Umid Yusupov | H20: =IFERROR(__xludf.DUMMYFUNCTION("""COMPUTED_VALUE"""),"Chiqim") -> Chiqim | I20: =IFERROR(__xludf.DUMMYFUNCTION("""COMPUTED_VALUE"""),"Ovqat") -> Ovqat | J20: =IFERROR(__xludf.DUMMYFUNCTION("""COMPUTED_VALUE"""),240000.0) -> 240000 | K20: =IFERROR(__xludf.DUMMYFUNCTION("""COMPUTED_VALUE"""),"Ужин 6 киши") -> Ужин 6 киши | Z20: =IFERROR(__xludf.DUMMYFUNCTION("""COMPUTED_VALUE"""),"391 · АКБАР АКА") -> 391 · АКБАР АКА
E21: =IFERROR(__xludf.DUMMYFUNCTION("""COMPUTED_VALUE"""),46310.0) -> 46310 | F21: =IFERROR(__xludf.DUMMYFUNCTION("""COMPUTED_VALUE"""),0.6715277777777777) -> 0.67152778 | G21: =IFERROR(__xludf.DUMMYFUNCTION("""COMPUTED_VALUE"""),"Umid Yusupov") -> Umid Yusupov | H21: =IFERROR(__xludf.DUMMYFUNCTION("""COMPUTED_VALUE"""),"Chiqim") -> Chiqim | I21: =IFERROR(__xludf.DUMMYFUNCTION("""COMPUTED_VALUE"""),"Ovqat") -> Ovqat | J21: =IFERROR(__xludf.DUMMYFUNCTION("""COMPUTED_VALUE"""),80000.0) -> 80000 | K21: =IFERROR(__xludf.DUMMYFUNCTION("""COMPUTED_VALUE"""),"Обед Улугбек ака Жамшид ака") -> Обед Улугбек ака Жамшид ака | Z21: =IFERROR(__xludf.DUMMYFUNCTION("""COMPUTED_VALUE"""),"390 · ДИЛШОД") -> 390 · ДИЛШОД
E22: =IFERROR(__xludf.DUMMYFUNCTION("""COMPUTED_VALUE"""),46310.0) -> 46310 | F22: =IFERROR(__xludf.DUMMYFUNCTION("""COMPUTED_VALUE"""),0.5708333333333333) -> 0.57083333 | G22: =IFERROR(__xludf.DUMMYFUNCTION("""COMPUTED_VALUE"""),"Umid Yusupov") -> Umid Yusupov | H22: =IFERROR(__xludf.DUMMYFUNCTION("""COMPUTED_VALUE"""),"Chiqim") -> Chiqim | I22: =IFERROR(__xludf.DUMMYFUNCTION("""COMPUTED_VALUE"""),"Ovqat") -> Ovqat | J22: =IFERROR(__xludf.DUMMYFUNCTION("""COMPUTED_VALUE"""),200000.0) -> 200000 | K22: =IFERROR(__xludf.DUMMYFUNCTION("""COMPUTED_VALUE"""),"Обед 5 киши") -> Обед 5 киши | Z22: =IFERROR(__xludf.DUMMYFUNCTION("""COMPUTED_VALUE"""),"389 · НОДИР") -> 389 · НОДИР
E23: =IFERROR(__xludf.DUMMYFUNCTION("""COMPUTED_VALUE"""),46310.0) -> 46310 | F23: =IFERROR(__xludf.DUMMYFUNCTION("""COMPUTED_VALUE"""),0.5388888888888889) -> 0.53888889 | G23: =IFERROR(__xludf.DUMMYFUNCTION("""COMPUTED_VALUE"""),"°°•• Gafurov Islom ••°°") -> °°•• Gafurov Islom ••°° | H23: =IFERROR(__xludf.DUMMYFUNCTION("""COMPUTED_VALUE"""),"Chiqim") -> Chiqim | I23: =IFERROR(__xludf.DUMMYFUNCTION("""COMPUTED_VALUE"""),"Usluga (xizmatlar)") -> Usluga (xizmatlar) | J23: =IFERROR(__xludf.DUMMYFUNCTION("""COMPUTED_VALUE"""),242000.0) -> 242000 | K23: =IFERROR(__xludf.DUMMYFUNCTION("""COMPUTED_VALUE"""),"Ровер кромка ручка жойи") -> Ровер кромка ручка жойи | Z23: =IFERROR(__xludf.DUMMYFUNCTION("""COMPUTED_VALUE"""),"388 · КОМИЛ") -> 388 · КОМИЛ
E24: =IFERROR(__xludf.DUMMYFUNCTION("""COMPUTED_VALUE"""),46309.0) -> 46309 | F24: =IFERROR(__xludf.DUMMYFUNCTION("""COMPUTED_VALUE"""),0.9729166666666667) -> 0.97291667 | G24: =IFERROR(__xludf.DUMMYFUNCTION("""COMPUTED_VALUE"""),"Umid Yusupov") -> Umid Yusupov | H24: =IFERROR(__xludf.DUMMYFUNCTION("""COMPUTED_VALUE"""),"Chiqim") -> Chiqim | I24: =IFERROR(__xludf.DUMMYFUNCTION("""COMPUTED_VALUE"""),"Mashina / dostavka") -> Mashina / dostavka | J24: =IFERROR(__xludf.DUMMYFUNCTION("""COMPUTED_VALUE"""),20000.0) -> 20000 | K24: =IFERROR(__xludf.DUMMYFUNCTION("""COMPUTED_VALUE"""),"Элбек ака уйга бориш") -> Элбек ака уйга бориш | Z24: =IFERROR(__xludf.DUMMYFUNCTION("""COMPUTED_VALUE"""),"387 · ШАХНОЗА") -> 387 · ШАХНОЗА
E25: =IFERROR(__xludf.DUMMYFUNCTION("""COMPUTED_VALUE"""),46309.0) -> 46309 | F25: =IFERROR(__xludf.DUMMYFUNCTION("""COMPUTED_VALUE"""),0.8847222222222222) -> 0.88472222 | G25: =IFERROR(__xludf.DUMMYFUNCTION("""COMPUTED_VALUE"""),"Umid Yusupov") -> Umid Yusupov | H25: =IFERROR(__xludf.DUMMYFUNCTION("""COMPUTED_VALUE"""),"Chiqim") -> Chiqim | I25: =IFERROR(__xludf.DUMMYFUNCTION("""COMPUTED_VALUE"""),"Ovqat") -> Ovqat | J25: =IFERROR(__xludf.DUMMYFUNCTION("""COMPUTED_VALUE"""),200000.0) -> 200000 | K25: =IFERROR(__xludf.DUMMYFUNCTION("""COMPUTED_VALUE"""),"Ужин 5 киши") -> Ужин 5 киши | Z25: =IFERROR(__xludf.DUMMYFUNCTION("""COMPUTED_VALUE"""),"386 · Nigora") -> 386 · Nigora
E26: =IFERROR(__xludf.DUMMYFUNCTION("""COMPUTED_VALUE"""),46309.0) -> 46309 | F26: =IFERROR(__xludf.DUMMYFUNCTION("""COMPUTED_VALUE"""),0.7229166666666667) -> 0.72291667 | G26: =IFERROR(__xludf.DUMMYFUNCTION("""COMPUTED_VALUE"""),"МирМуxаммад Файзуллаев") -> МирМуxаммад Файзуллаев | H26: =IFERROR(__xludf.DUMMYFUNCTION("""COMPUTED_VALUE"""),"Chiqim") -> Chiqim | I26: =IFERROR(__xludf.DUMMYFUNCTION("""COMPUTED_VALUE"""),"Usluga (xizmatlar)") -> Usluga (xizmatlar) | J26: =IFERROR(__xludf.DUMMYFUNCTION("""COMPUTED_VALUE"""),50000.0) -> 50000 | K26: =IFERROR(__xludf.DUMMYFUNCTION("""COMPUTED_VALUE"""),"ming") -> ming | Z26: =IFERROR(__xludf.DUMMYFUNCTION("""COMPUTED_VALUE"""),"385 · САИДИСЛОМ") -> 385 · САИДИСЛОМ
E27: =IFERROR(__xludf.DUMMYFUNCTION("""COMPUTED_VALUE"""),46309.0) -> 46309 | F27: =IFERROR(__xludf.DUMMYFUNCTION("""COMPUTED_VALUE"""),0.5708333333333333) -> 0.57083333 | G27: =IFERROR(__xludf.DUMMYFUNCTION("""COMPUTED_VALUE"""),"Umid Yusupov") -> Umid Yusupov | H27: =IFERROR(__xludf.DUMMYFUNCTION("""COMPUTED_VALUE"""),"Chiqim") -> Chiqim | I27: =IFERROR(__xludf.DUMMYFUNCTION("""COMPUTED_VALUE"""),"Ovqat") -> Ovqat | J27: =IFERROR(__xludf.DUMMYFUNCTION("""COMPUTED_VALUE"""),240000.0) -> 240000 | K27: =IFERROR(__xludf.DUMMYFUNCTION("""COMPUTED_VALUE"""),"Обед 6 киши") -> Обед 6 киши | Z27: =IFERROR(__xludf.DUMMYFUNCTION("""COMPUTED_VALUE"""),"384 · Mohir aka") -> 384 · Mohir aka
E28: =IFERROR(__xludf.DUMMYFUNCTION("""COMPUTED_VALUE"""),46307.0) -> 46307 | F28: =IFERROR(__xludf.DUMMYFUNCTION("""COMPUTED_VALUE"""),0.75625) -> 0.75625 | G28: =IFERROR(__xludf.DUMMYFUNCTION("""COMPUTED_VALUE"""),"МирМуxаммад Файзуллаев") -> МирМуxаммад Файзуллаев | H28: =IFERROR(__xludf.DUMMYFUNCTION("""COMPUTED_VALUE"""),"Chiqim") -> Chiqim | I28: =IFERROR(__xludf.DUMMYFUNCTION("""COMPUTED_VALUE"""),"Заказ материал") -> Заказ материал | J28: =IFERROR(__xludf.DUMMYFUNCTION("""COMPUTED_VALUE"""),2250000.0) -> 2250000 | K28: =IFERROR(__xludf.DUMMYFUNCTION("""COMPUTED_VALUE"""),"zakaz material id begzod 395 list qora") -> zakaz material id begzod 395 list qora | Z28: =IFERROR(__xludf.DUMMYFUNCTION("""COMPUTED_VALUE"""),"383 · Хуршид") -> 383 · Хуршид
E29: =IFERROR(__xludf.DUMMYFUNCTION("""COMPUTED_VALUE"""),46307.0) -> 46307 | F29: =IFERROR(__xludf.DUMMYFUNCTION("""COMPUTED_VALUE"""),0.6145833333333334) -> 0.61458333 | G29: =IFERROR(__xludf.DUMMYFUNCTION("""COMPUTED_VALUE"""),"Umid Yusupov") -> Umid Yusupov | H29: =IFERROR(__xludf.DUMMYFUNCTION("""COMPUTED_VALUE"""),"Chiqim") -> Chiqim | I29: =IFERROR(__xludf.DUMMYFUNCTION("""COMPUTED_VALUE"""),"Ovqat") -> Ovqat | J29: =IFERROR(__xludf.DUMMYFUNCTION("""COMPUTED_VALUE"""),80000.0) -> 80000 | K29: =IFERROR(__xludf.DUMMYFUNCTION("""COMPUTED_VALUE"""),"Обед 2 киши Элер ака Жалол") -> Обед 2 киши Элер ака Жалол | Z29: =IFERROR(__xludf.DUMMYFUNCTION("""COMPUTED_VALUE"""),"382 · УМИД АКА") -> 382 · УМИД АКА
Z30: =IFERROR(__xludf.DUMMYFUNCTION("""COMPUTED_VALUE"""),"381 · Shaxzoda") -> 381 · Shaxzoda
Z31: =IFERROR(__xludf.DUMMYFUNCTION("""COMPUTED_VALUE"""),"380 · Aziz aka") -> 380 · Aziz aka
Z32: =IFERROR(__xludf.DUMMYFUNCTION("""COMPUTED_VALUE"""),"379 · Oybek aka") -> 379 · Oybek aka
Z33: =IFERROR(__xludf.DUMMYFUNCTION("""COMPUTED_VALUE"""),"378 · Akbar") -> 378 · Akbar
Z34: =IFERROR(__xludf.DUMMYFUNCTION("""COMPUTED_VALUE"""),"377 · Mohir aka") -> 377 · Mohir aka
Z35: =IFERROR(__xludf.DUMMYFUNCTION("""COMPUTED_VALUE"""),"376 · НОСИР АКА") -> 376 · НОСИР АКА
Z36: =IFERROR(__xludf.DUMMYFUNCTION("""COMPUTED_VALUE"""),"375 · Nuriddin aka") -> 375 · Nuriddin aka
Z37: =IFERROR(__xludf.DUMMYFUNCTION("""COMPUTED_VALUE"""),"374 · НАЗИРА ОПА") -> 374 · НАЗИРА ОПА
Z38: =IFERROR(__xludf.DUMMYFUNCTION("""COMPUTED_VALUE"""),"371 · Usmon aka") -> 371 · Usmon aka
Z39: =IFERROR(__xludf.DUMMYFUNCTION("""COMPUTED_VALUE"""),"370 · УЛУГБЕК") -> 370 · УЛУГБЕК
Z40: =IFERROR(__xludf.DUMMYFUNCTION("""COMPUTED_VALUE"""),"369 · Muhtorhon") -> 369 · Muhtorhon
Z41: =IFERROR(__xludf.DUMMYFUNCTION("""COMPUTED_VALUE"""),"368 · Dilbar") -> 368 · Dilbar
Z42: =IFERROR(__xludf.DUMMYFUNCTION("""COMPUTED_VALUE"""),"367 · МАРХАБО") -> 367 · МАРХАБО
Z43: =IFERROR(__xludf.DUMMYFUNCTION("""COMPUTED_VALUE"""),"366 · Munisa") -> 366 · Munisa

Sheet Kafolat xatlari
A1: Buyurtma ID | B1: Mijoz | C1: Готов sanasi | D1: Holat | E1: Berilgan sana | F1: Kim berdi | G1: Izoh | I1: 📜 Kafolat xatlari | J1: Soni
A2: 398 | B2: СОХИБА | C2: 46311 | D2: ❓ Belgilanmagan (eski) | G2: eski zakaz — berilgan bo'lsa: /kafolat 398 | I2: ✅ Berilgan | J2: =COUNTIF(D2:D1000,"✅*") -> 5
A3: 396 | B3: Mohir aka | C3: 46282 | D3: ❓ Belgilanmagan (eski) | G3: eski zakaz — berilgan bo'lsa: /kafolat 396 | I3: ❌ Berilmagan (yangi Готов) | J3: =COUNTIF(D2:D1000,"❌*") -> 0
A4: 393 | B4: ХУСНИДДИН | C4: 46280 | D4: ❓ Belgilanmagan (eski) | G4: eski zakaz — berilgan bo'lsa: /kafolat 393 | I4: ❓ Eski, belgilanmagan | J4: =COUNTIF(D2:D1000,"❓*") -> 24
A5: 391 | B5: АКБАР АКА | C5: 46269 | D5: ❓ Belgilanmagan (eski) | G5: eski zakaz — berilgan bo'lsa: /kafolat 391
A6: 390 | B6: ДИЛШОД | C6: 46247 | D6: ❓ Belgilanmagan (eski) | G6: eski zakaz — berilgan bo'lsa: /kafolat 390
A7: 387 | B7: ШАХНОЗА | C7: 46244 | D7: ❓ Belgilanmagan (eski) | G7: eski zakaz — berilgan bo'lsa: /kafolat 387
A8: 386 | B8: Nigora | C8: 46253 | D8: ❓ Belgilanmagan (eski) | G8: eski zakaz — berilgan bo'lsa: /kafolat 386
A9: 385 | B9: САИДИСЛОМ | C9: 46220 | D9: ❓ Belgilanmagan (eski) | G9: eski zakaz — berilgan bo'lsa: /kafolat 385
A10: 384 | B10: Mohir aka | C10: 46177 | D10: ❓ Belgilanmagan (eski) | G10: eski zakaz — berilgan bo'lsa: /kafolat 384
A11: 382 | B11: УМИД АКА | C11: 46190 | D11: ❓ Belgilanmagan (eski) | G11: eski zakaz — berilgan bo'lsa: /kafolat 382
A12: 381 | B12: Shaxzoda | C12: 46202 | D12: ❓ Belgilanmagan (eski) | G12: eski zakaz — berilgan bo'lsa: /kafolat 381
A13: 380 | B13: Aziz aka | C13: 46218 | D13: ❓ Belgilanmagan (eski) | G13: eski zakaz — berilgan bo'lsa: /kafolat 380
A14: 379 | B14: Oybek aka | C14: 46168 | D14: ❓ Belgilanmagan (eski) | G14: eski zakaz — berilgan bo'lsa: /kafolat 379
A15: 378 | B15: Akbar | C15: 46223 | D15: ❓ Belgilanmagan (eski) | G15: eski zakaz — berilgan bo'lsa: /kafolat 378
A16: 377 | B16: Mohir aka | C16: 46210 | D16: ❓ Belgilanmagan (eski) | G16: eski zakaz — berilgan bo'lsa: /kafolat 377
... A25: 366 | B25: Munisa | C25: 46140 | D25: ❓ Belgilanmagan (eski) | G25: eski zakaz — berilgan bo'lsa: /kafolat 366
A26: 383 | B26: Хуршид | C26: 46315 | D26: ✅ Berildi | E26: 46315 | F26: Umid Yusupov
A27: 395 | B27: БЕКЗОД | C27: 46317 | D27: ✅ Berildi | E27: 46318 | F27: Umid Yusupov
A28: 403 | B28: Ezoza opa | C28: 46318 | D28: ✅ Berildi | E28: 46318 | F28: Umid Yusupov
A29: 404 | B29: ФЕРУЗА ОПА | C29: 46319 | D29: ✅ Berildi | E29: 46319 | F29: Umid Yusupov
A30: 397 | B30: XAMID AKA | C30: 46319 | D30: ✅ Berildi | E30: 46319 | F30: Umid Yusupov

Sheet Bonus hisoboti
A1: 🎁 Umid Yusupov — bonus hisoboti (Готов zakazlar)
A2: Har bir «Готов» zakaz: necha kunda pul yechib olindi va qancha bonus. ≤3 kun — 0.5%, 4–7 kun — 0.4%, 8–30 kun — 0.3%, 30 kundan ko'p — 0%. Ma'lumot bot yozadigan «Bonuslar» varag'idan.
A3: 📅 Davr: | B3: 46296 | C3: gacha: | D3: 46326 | E3: ← ikkala sanani ikki marta bosing — kalendar ochiladi
A5: ✅ Yechilgan zakazlar | C5: ⚡ 0–3 kunda (0.5%) | E5: 🟢 4–7 kunda (0.4%) | G5: 🟡 8–30 kunda (0.3%) | I5: ❌ 30 kundan o'tgan (0%) | K5: 🎁 Bonus jami (so'm)
A6: =COUNTIFS(Bonuslar!K:K,"✅ Olindi",Bonuslar!G:G,">="&$B$3,Bonuslar!G:G,"<="&$D$3) -> 7 | C6: =COUNTIFS(Bonuslar!K:K,"✅ Olindi",Bonuslar!G:G,">="&$B$3,Bonuslar!G:G,"<="&$D$3,Bonuslar!H:H,"<=3") -> 7 | E6: =COUNTIFS(Bonuslar!K:K,"✅ Olindi",Bonuslar!G:G,">="&$B$3,Bonuslar!G:G,"<="&$D$3,Bonuslar!H:H,">=4",Bonuslar!H:H,"<=7") -> 0 | G6: =COUNTIFS(Bonuslar!K:K,"✅ Olindi",Bonuslar!G:G,">="&$B$3,Bonuslar!G:G,"<="&$D$3,Bonuslar!H:H,">=8",Bonuslar!H:H,"<=30") -> 0 | I6: =COUNTIFS(Bonuslar!K:K,"❌*",Bonuslar!A:A,">="&($B$3-31),Bonuslar!A:A,"<="&($D$3-31))+COUNTIFS(Bonuslar!K:K,"✅ Olindi",Bonuslar!G:G,">="&$B$3,Bonuslar!G:G,"<="&$D$3,Bonuslar!H:H,">30") -> 0 | K6: =SUMIFS(Bonuslar!J:J,Bonuslar!K:K,"✅ Olindi",Bonuslar!G:G,">="&$B$3,Bonuslar!G:G,"<="&$D$3) -> 3798467
A7: ="⏳ Hozir pul kutilayotgan zakazlar: "&COUNTIF(Bonuslar!K:K,"⏳ Kutilmoqda")&" ta · Shu davrda Готов bo'lgan: "&COUNTIFS(Bonuslar!A:A,">="&$B$3,Bonuslar!A:A,"<="&$D$3)&" ta" -> ⏳ Hozir pul kutilayotgan zakazlar: 0 ta · Shu davrda Готов bo'lgan: 7 ta
A9: 📋 Zakazlar ro'yxati (shu davrda Готов bo'lgan, pul olingan yoki hali kutilayotgan)
A10: ID | B10: Mijoz | C10: Готов sanasi | D10: Pul olingan | E10: Necha kunda | F10: Foiz | G10: Bonus (so'm) | H10: Holat
A11: =IFERROR(__xludf.DUMMYFUNCTION("IFERROR(SORT(FILTER({Bonuslar!B2:B400,Bonuslar!C2:C400,Bonuslar!A2:A400,Bonuslar!G2:G400,Bonuslar!H2:H400,Bonuslar!I2:I400,Bonuslar!J2:J400,Bonuslar!K2:K400},Bonuslar!B2:B400<>"""",(Bonuslar!A2:A400>=$B$3)*(Bonuslar!A2:A400<=$D$3)+(Bonuslar!G2:G400>=$B$3)"&"*(Bonuslar!G2:G400<=$D$3)*(Bonuslar!G2:G400<>"""")+(Bonuslar!K2:K400=""⏳ Kutilmoqda"")),3,FALSE),""Hali yozuv yo'q — birinchi «Готов» zakazdan keyin bot o'zi to'ldiradi"")"),404.0) -> 404 | B11: =IFERROR(__xludf.DUMMYFUNCTION("""COMPUTED_VALUE"""),"ФЕРУЗА ОПА") -> ФЕРУЗА ОПА | C11: =IFERROR(__xludf.DUMMYFUNCTION("""COMPUTED_VALUE"""),46319.0) -> 46319 | D11: =IFERROR(__xludf.DUMMYFUNCTION("""COMPUTED_VALUE"""),46319.0) -> 46319 | E11: =IFERROR(__xludf.DUMMYFUNCTION("""COMPUTED_VALUE"""),0.0) -> 0 | F11: =IFERROR(__xludf.DUMMYFUNCTION("""COMPUTED_VALUE"""),0.005) -> 0.005 | G11: =IFERROR(__xludf.DUMMYFUNCTION("""COMPUTED_VALUE"""),82110.0) -> 82110 | H11: =IFERROR(__xludf.DUMMYFUNCTION("""COMPUTED_VALUE"""),"✅ Olindi") -> ✅ Olindi
A12: =IFERROR(__xludf.DUMMYFUNCTION("""COMPUTED_VALUE"""),397.0) -> 397 | B12: =IFERROR(__xludf.DUMMYFUNCTION("""COMPUTED_VALUE"""),"XAMID AKA") -> XAMID AKA | C12: =IFERROR(__xludf.DUMMYFUNCTION("""COMPUTED_VALUE"""),46319.0) -> 46319 | D12: =IFERROR(__xludf.DUMMYFUNCTION("""COMPUTED_VALUE"""),46319.0) -> 46319 | E12: =IFERROR(__xludf.DUMMYFUNCTION("""COMPUTED_VALUE"""),0.0) -> 0 | F12: =IFERROR(__xludf.DUMMYFUNCTION("""COMPUTED_VALUE"""),0.005) -> 0.005 | G12: =IFERROR(__xludf.DUMMYFUNCTION("""COMPUTED_VALUE"""),417690.0) -> 417690 | H12: =IFERROR(__xludf.DUMMYFUNCTION("""COMPUTED_VALUE"""),"✅ Olindi") -> ✅ Olindi
A13: =IFERROR(__xludf.DUMMYFUNCTION("""COMPUTED_VALUE"""),403.0) -> 403 | B13: =IFERROR(__xludf.DUMMYFUNCTION("""COMPUTED_VALUE"""),"Ezoza opa") -> Ezoza opa | C13: =IFERROR(__xludf.DUMMYFUNCTION("""COMPUTED_VALUE"""),46318.0) -> 46318 | D13: =IFERROR(__xludf.DUMMYFUNCTION("""COMPUTED_VALUE"""),46318.0) -> 46318 | E13: =IFERROR(__xludf.DUMMYFUNCTION("""COMPUTED_VALUE"""),0.0) -> 0 | F13: =IFERROR(__xludf.DUMMYFUNCTION("""COMPUTED_VALUE"""),0.005) -> 0.005 | G13: =IFERROR(__xludf.DUMMYFUNCTION("""COMPUTED_VALUE"""),201705.0) -> 201705 | H13: =IFERROR(__xludf.DUMMYFUNCTION("""COMPUTED_VALUE"""),"✅ Olindi") -> ✅ Olindi
A14: =IFERROR(__xludf.DUMMYFUNCTION("""COMPUTED_VALUE"""),395.0) -> 395 | B14: =IFERROR(__xludf.DUMMYFUNCTION("""COMPUTED_VALUE"""),"БЕКЗОД") -> БЕКЗОД | C14: =IFERROR(__xludf.DUMMYFUNCTION("""COMPUTED_VALUE"""),46317.0) -> 46317 | D14: =IFERROR(__xludf.DUMMYFUNCTION("""COMPUTED_VALUE"""),46318.0) -> 46318 | E14: =IFERROR(__xludf.DUMMYFUNCTION("""COMPUTED_VALUE"""),1.0) -> 1 | F14: =IFERROR(__xludf.DUMMYFUNCTION("""COMPUTED_VALUE"""),0.005) -> 0.005 | G14: =IFERROR(__xludf.DUMMYFUNCTION("""COMPUTED_VALUE"""),720129.0) -> 720129 | H14: =IFERROR(__xludf.DUMMYFUNCTION("""COMPUTED_VALUE"""),"✅ Olindi") -> ✅ Olindi
A15: =IFERROR(__xludf.DUMMYFUNCTION("""COMPUTED_VALUE"""),383.0) -> 383 | B15: =IFERROR(__xludf.DUMMYFUNCTION("""COMPUTED_VALUE"""),"Хуршид") -> Хуршид | C15: =IFERROR(__xludf.DUMMYFUNCTION("""COMPUTED_VALUE"""),46315.0) -> 46315 | D15: =IFERROR(__xludf.DUMMYFUNCTION("""COMPUTED_VALUE"""),46316.0) -> 46316 | E15: =IFERROR(__xludf.DUMMYFUNCTION("""COMPUTED_VALUE"""),1.0) -> 1 | F15: =IFERROR(__xludf.DUMMYFUNCTION("""COMPUTED_VALUE"""),0.005) -> 0.005 | G15: =IFERROR(__xludf.DUMMYFUNCTION("""COMPUTED_VALUE"""),1358291.0) -> 1358291 | H15: =IFERROR(__xludf.DUMMYFUNCTION("""COMPUTED_VALUE"""),"✅ Olindi") -> ✅ Olindi
A16: =IFERROR(__xludf.DUMMYFUNCTION("""COMPUTED_VALUE"""),388.0) -> 388 | B16: =IFERROR(__xludf.DUMMYFUNCTION("""COMPUTED_VALUE"""),"КОМИЛ") -> КОМИЛ | C16: =IFERROR(__xludf.DUMMYFUNCTION("""COMPUTED_VALUE"""),46313.0) -> 46313 | D16: =IFERROR(__xludf.DUMMYFUNCTION("""COMPUTED_VALUE"""),46314.0) -> 46314 | E16: =IFERROR(__xludf.DUMMYFUNCTION("""COMPUTED_VALUE"""),1.0) -> 1 | F16: =IFERROR(__xludf.DUMMYFUNCTION("""COMPUTED_VALUE"""),0.005) -> 0.005 | G16: =IFERROR(__xludf.DUMMYFUNCTION("""COMPUTED_VALUE"""),828662.0) -> 828662 | H16: =IFERROR(__xludf.DUMMYFUNCTION("""COMPUTED_VALUE"""),"✅ Olindi") -> ✅ Olindi
A17: =IFERROR(__xludf.DUMMYFUNCTION("""COMPUTED_VALUE"""),398.0) -> 398 | B17: =IFERROR(__xludf.DUMMYFUNCTION("""COMPUTED_VALUE"""),"СОХИБА") -> СОХИБА | C17: =IFERROR(__xludf.DUMMYFUNCTION("""COMPUTED_VALUE"""),46311.0) -> 46311 | D17: =IFERROR(__xludf.DUMMYFUNCTION("""COMPUTED_VALUE"""),46314.0) -> 46314 | E17: =IFERROR(__xludf.DUMMYFUNCTION("""COMPUTED_VALUE"""),3.0) -> 3 | F17: =IFERROR(__xludf.DUMMYFUNCTION("""COMPUTED_VALUE"""),0.005) -> 0.005 | G17: =IFERROR(__xludf.DUMMYFUNCTION("""COMPUTED_VALUE"""),189880.0) -> 189880 | H17: =IFERROR(__xludf.DUMMYFUNCTION("""COMPUTED_VALUE"""),"✅ Olindi") -> ✅ Olindi

Sheet Amallar
A1: ID | B1: Sana | C1: Vaqt | D1: Xodim ID | E1: Xodim | F1: Turi | G1: Summa (so'm) | H1: Valyuta | I1: Asl summa | J1: Kurs | K1: Kategoriya kodi | L1: Kategoriya | M1: Buyurtma ID | N1: Izoh | O1: Chek | P1: Kiritdi | Q1: O'chirildi | R1: Ishchi (oylik) | S1: Ish haqi turi
A2: 1 | B2: 46301 | C2: 0.63194444 | D2: 254366051 | E2: °°•• Gafurov Islom ••°° | F2: Chiqim | G2: 35000 | H2: UZS | K2: ovqat | L2: Ovqat | P2: 254366051 | Q2: Ha
A3: 2 | B3: 46301 | C3: 0.63194444 | D3: 443142649 | E3: МирМуxаммад Файзуллаев | F3: Chiqim | G3: 250000 | H3: UZS | K3: ovqat | L3: Ovqat | P3: 443142649
A4: 3 | B4: 46301 | C4: 0.63958333 | D4: 254366051 | E4: °°•• Gafurov Islom ••°° | F4: Chiqim | G4: 100000 | H4: UZS | K4: oylik | L4: Ойлик (ish haqi) | N4: Дилмурод ойлик | P4: 254366051 | Q4: Ha | S4: Avans
A5: 4 | B5: 46301 | C5: 0.64791667 | D5: 254366051 | E5: °°•• Gafurov Islom ••°° | F5: Kirim | G5: 1177845 | H5: USD | I5: 100 | J5: 11778.45 | K5: rahbar | L5: Rahbardan | N5: Расход | P5: 443142649
A6: 5 | B6: 46301 | C6: 0.67986111 | D6: 6156487883 | E6: Umid Yusupov | F6: Kirim | G6: 1177845 | H6: USD | I6: 100 | J6: 11778.45 | K6: rahbar | L6: Rahbardan | N6: Расход | P6: 443142649 | Q6: Ha
A7: 6 | B7: 46301 | C7: 0.68055556 | D7: 6156487883 | E7: Umid Yusupov | F7: Kirim | G7: 1200000 | H7: UZS | K7: rahbar | L7: Rahbardan | N7: Расходга | P7: 443142649
A8: 7 | B8: 46301 | C8: 0.68194444 | D8: 254366051 | E8: °°•• Gafurov Islom ••°° | F8: Chiqim | G8: 35000 | H8: UZS | K8: ovqat | L8: Ovqat | N8: Обед озим | P8: 254366051
A9: 8 | B9: 46301 | C9: 0.68541667 | D9: 6156487883 | E9: Umid Yusupov | F9: Chiqim | G9: 160000 | H9: UZS | K9: ovqat | L9: Ovqat | N9: Обед 4 киши Дилмурод ака Хуршид | P9: 6156487883
A10: 9 | B10: 46302 | C10: 0.82777778 | D10: 254366051 | E10: °°•• Gafurov Islom ••°° | F10: Chiqim | G10: 312000 | H10: UZS | K10: material | L10: Заказ материал | N10: 1. шпон прес+детал Азиз стол | P10: 254366051
A11: 10 | B11: 46302 | C11: 0.82847222 | D11: 254366051 | E11: °°•• Gafurov Islom ••°° | F11: Chiqim | G11: 374000 | H11: UZS | K11: zapravka | L11: Zapravka | N11: Газ Лабо | P11: 254366051
A12: 11 | B12: 46302 | C12: 0.82986111 | D12: 254366051 | E12: °°•• Gafurov Islom ••°° | F12: Chiqim | G12: 161000 | H12: UZS | K12: ovqat | L12: Ovqat | N12: обед болла Хуршид | P12: 254366051
A13: 12 | B13: 46302 | C13: 0.82986111 | D13: 254366051 | E13: °°•• Gafurov Islom ••°° | F13: Chiqim | G13: 80000 | H13: UZS | K13: ovqat | L13: Ovqat | N13: Обед болла Комил | P13: 254366051
A14: 13 | B14: 46302 | C14: 0.83055556 | D14: 254366051 | E14: °°•• Gafurov Islom ••°° | F14: Chiqim | G14: 35000 | H14: UZS | K14: ovqat | L14: Ovqat | N14: Обед озим | P14: 254366051
A15: 14 | B15: 46302 | C15: 0.83125 | D15: 254366051 | E15: °°•• Gafurov Islom ••°° | F15: Chiqim | G15: 160000 | H15: UZS | K15: ovqat | L15: Ovqat | N15: Ужин болла Хуршид | P15: 254366051
A16: 15 | B16: 46302 | C16: 0.94444444 | D16: 254366051 | E16: °°•• Gafurov Islom ••°° | F16: Chiqim | G16: 80000 | H16: UZS | K16: ovqat | L16: Ovqat | M16: 388 | N16: Ужин болла | P16: 254366051
A17: 16 | B17: 46303 | C17: 0.66458333 | D17: 254366051 | E17: °°•• Gafurov Islom ••°° | F17: Kirim | G17: 1180919 | H17: USD | I17: 100 | J17: 11809.19 | K17: rahbar | L17: Rahbardan | N17: Расход га | P17: 443142649
A18: 17 | B18: 46303 | C18: 0.72708333 | D18: 254366051 | E18: °°•• Gafurov Islom ••°° | F18: Chiqim | G18: 40000 | H18: UZS | K18: furnitura | L18: Furnitura | N18: Ручка 4та Акбар офият | P18: 254366051
A19: 18 | B19: 46303 | C19: 0.83263889 | D19: 6156487883 | E19: Umid Yusupov | F19: Kirim | G19: 1200000 | H19: UZS | K19: rahbar | L19: Rahbardan | N19: Расход | P19: 443142649
A20: 19 | B20: 46303 | C20: 0.93263889 | D20: 254366051 | E20: °°•• Gafurov Islom ••°° | F20: Chiqim | G20: 465000 | H20: UZS | K20: zapravka | L20: Zapravka | N20: Газ чанган | P20: 254366051
A21: 20 | B21: 46304 | C21: 0.59375 | D21: 254366051 | E21: °°•• Gafurov Islom ••°° | F21: Chiqim | G21: 35000 | H21: UZS | K21: ovqat | L21: Ovqat | N21: Обед озим 8.10.26 | P21: 254366051
A22: 21 | B22: 46304 | C22: 0.59444444 | D22: 254366051 | E22: °°•• Gafurov Islom ••°° | F22: Chiqim | G22: 35000 | H22: UZS | K22: ovqat | L22: Ovqat | N22: Обед озим 9.10.26 | P22: 254366051
A23: 22 | B23: 46304 | C23: 0.70486111 | D23: 254366051 | E23: °°•• Gafurov Islom ••°° | F23: Kirim | G23: 1200000 | H23: UZS | K23: rahbar | L23: Rahbardan | N23: So'rov #2: Харажатга | P23: 443142649
A24: 23 | B24: 46304 | C24: 0.70833333 | D24: 254366051 | E24: °°•• Gafurov Islom ••°° | F24: Chiqim | G24: 250000 | H24: UZS | K24: usluga | L24: Usluga (xizmatlar) | N24: Шпон акбар | P24: 254366051
A25: 24 | B25: 46304 | C25: 0.70972222 | D25: 254366051 | E25: °°•• Gafurov Islom ••°° | F25: Chiqim | G25: 52000 | H25: UZS | K25: usluga | L25: Usluga (xizmatlar) | N25: кромка распил полка хдф акбар | P25: 254366051
A26: 25 | B26: 46304 | C26: 0.71180556 | D26: 254366051 | E26: °°•• Gafurov Islom ••°° | F26: Chiqim | G26: 35000 | H26: UZS | K26: ovqat | L26: Ovqat | N26: Обед озим 3.10.26 | P26: 254366051
A27: 26 | B27: 46304 | C27: 0.7125 | D27: 254366051 | E27: °°•• Gafurov Islom ••°° | F27: Chiqim | G27: 241000 | H27: UZS | K27: furnitura | L27: Furnitura | N27: полка держ Акбар | P27: 254366051
A28: 27 | B28: 46304 | C28: 0.7125 | D28: 6156487883 | E28: Umid Yusupov | F28: Chiqim | G28: 80000 | H28: UZS | K28: ovqat | L28: Ovqat | M28: 388 | N28: 2 киши обед Миржамол ака | P28: 6156487883
A29: 28 | B29: 46304 | C29: 0.71388889 | D29: 6156487883 | E29: Umid Yusupov | F29: Chiqim | G29: 40000 | H29: UZS | K29: ovqat | L29: Ovqat | M29: 388 | N29: Ужин Миржамол ака 05.10 | P29: 6156487883
A30: 29 | B30: 46304 | C30: 0.71458333 | D30: 254366051 | E30: °°•• Gafurov Islom ••°° | F30: Chiqim | G30: 20000 | H30: UZS | K30: kommunal | L30: Kommunal xizmatlar | N30: Свет Ишхона | P30: 254366051
A31: 30 | B31: 46304 | C31: 0.71527778 | D31: 254366051 | E31: °°•• Gafurov Islom ••°° | F31: Chiqim | G31: 150000 | H31: UZS | K31: oylik | L31: Ойлик (ish haqi) | N31: Ойлик | P31: 254366051 | R31: Islom | S31: Avans
A32: 31 | B32: 46304 | C32: 0.71597222 | D32: 6156487883 | E32: Umid Yusupov | F32: Chiqim | G32: 5000 | H32: UZS | K32: ofis | L32: Ofis uchun | N32: Кружка аквариумга | P32: 6156487883
A33: 32 | B33: 46304 | C33: 0.71736111 | D33: 254366051 | E33: °°•• Gafurov Islom ••°° | F33: Chiqim | G33: 50000 | H33: UZS | K33: mashina | L33: Mashina / dostavka | M33: 383 | N33: Яндекс болла цехга | P33: 254366051
A34: 33 | B34: 46304 | C34: 0.71805556 | D34: 6156487883 | E34: Umid Yusupov | F34: Chiqim | G34: 325000 | H34: UZS | K34: ofis | L34: Ofis uchun | N34: Зонтик лататрон | P34: 6156487883
A35: 34 | B35: 46304 | C35: 0.71875 | D35: 254366051 | E35: °°•• Gafurov Islom ••°° | F35: Chiqim | G35: 100000 | H35: UZS | K35: boshqa | L35: Boshqa | N35: Распил грузчик | P35: 254366051
A36: 35 | B36: 46304 | C36: 0.71944444 | D36: 254366051 | E36: °°•• Gafurov Islom ••°° | F36: Chiqim | G36: 100000 | H36: UZS | K36: usluga | L36: Usluga (xizmatlar) | N36: Сваршик котел | P36: 254366051
A37: 36 | B37: 46304 | C37: 0.72083333 | D37: 254366051 | E37: °°•• Gafurov Islom ••°° | F37: Chiqim | G37: 140000 | H37: UZS | K37: zapravka | L37: Zapravka | N37: Заправка озим | P37: 254366051
A38: 37 | B38: 46305 | C38: 0.0625 | D38: 254366051 | E38: °°•• Gafurov Islom ••°° | F38: Chiqim | G38: 200000 | H38: UZS | K38: oylik | L38: Ойлик (ish haqi) | N38: Элбек аванс | P38: 254366051 | R38: Dilmurod | S38: Avans
A39: 38 | B39: 46305 | C39: 0.80625 | D39: 254366051 | E39: °°•• Gafurov Islom ••°° | F39: Kirim | G39: 1189790 | H39: USD | I39: 100 | J39: 11897.9 | K39: rahbar | L39: Rahbardan | N39: Расход га | P39: 443142649 | Q39: Ha
A40: 39 | B40: 46305 | C40: 0.80833333 | D40: 254366051 | E40: °°•• Gafurov Islom ••°° | F40: Kirim | G40: 1180000 | H40: USD | I40: 100 | J40: 11800 | K40: rahbar | L40: Rahbardan | N40: Расход | P40: 443142649
A41: 40 | B41: 46305 | C41: 0.80902778 | D41: 254366051 | E41: °°•• Gafurov Islom ••°° | F41: Chiqim | G41: 20000 | H41: UZS | K41: oylik | L41: Ойлик (ish haqi) | N41: Стадион | P41: 254366051 | R41: Dilmurod | S41: Avans
A42: 41 | B42: 46305 | C42: 0.81041667 | D42: 254366051 | E42: °°•• Gafurov Islom ••°° | F42: Chiqim | G42: 20000 | H42: UZS | K42: oylik | L42: Ойлик (ish haqi) | N42: Стадион | P42: 254366051 | R42: Jamshid | S42: Avans
A43: 42 | B43: 46305 | C43: 0.81111111 | D43: 254366051 | E43: °°•• Gafurov Islom ••°° | F43: Chiqim | G43: 20000 | H43: UZS | K43: oylik | L43: Ойлик (ish haqi) | N43: Стадион | P43: 254366051 | R43: Jalol | S43: Avans
A44: 43 | B44: 46305 | C44: 0.81111111 | D44: 254366051 | E44: °°•• Gafurov Islom ••°° | F44: Chiqim | G44: 20000 | H44: UZS | K44: oylik | L44: Ойлик (ish haqi) | N44: Стадион | P44: 254366051 | R44: Nurilla | S44: Avans
A45: 44 | B45: 46305 | C45: 0.81180556 | D45: 254366051 | E45: °°•• Gafurov Islom ••°° | F45: Chiqim | G45: 20000 | H45: UZS | K45: oylik | L45: Ойлик (ish haqi) | N45: Стадион | P45: 254366051 | R45: Mirjamol | S45: Avans
A46: 45 | B46: 46305 | C46: 0.81319444 | D46: 254366051 | E46: °°•• Gafurov Islom ••°° | F46: Chiqim | G46: 20000 | H46: UZS | K46: rahbarga | L46: Rahbarga (shaxsiy) | N46: Стадион | P46: 254366051
A47: 46 | B47: 46305 | C47: 0.81388889 | D47: 254366051 | E47: °°•• Gafurov Islom ••°° | F47: Chiqim | G47: 20000 | H47: UZS | K47: oylik | L47: Ойлик (ish haqi) | N47: Стадион | P47: 254366051 | R47: Jumaka | S47: Avans
A48: 47 | B48: 46305 | C48: 0.81388889 | D48: 254366051 | E48: °°•• Gafurov Islom ••°° | F48: Chiqim | G48: 20000 | H48: UZS | K48: oylik | L48: Ойлик (ish haqi) | N48: Стадион | P48: 254366051 | R48: Ulug'bek aka | S48: Avans
A49: 48 | B49: 46305 | C49: 0.81458333 | D49: 254366051 | E49: °°•• Gafurov Islom ••°° | F49: Chiqim | G49: 20000 | H49: UZS | K49: oylik | L49: Ойлик (ish haqi) | N49: Стадион | P49: 254366051 | R49: Elyor | S49: Avans
A50: 49 | B50: 46305 | C50: 0.81458333 | D50: 254366051 | E50: °°•• Gafurov Islom ••°° | F50: Chiqim | G50: 20000 | H50: UZS | K50: oylik | L50: Ойлик (ish haqi) | N50: Стадион | P50: 254366051 | R50: Jasur | S50: Avans
A51: 50 | B51: 46305 | C51: 0.81527778 | D51: 254366051 | E51: °°•• Gafurov Islom ••°° | F51: Chiqim | G51: 20000 | H51: UZS | K51: oylik | L51: Ойлик (ish haqi) | N51: 20000 | P51: 254366051 | R51: Islom | S51: Avans
A52: 51 | B52: 46305 | C52: 0.81597222 | D52: 254366051 | E52: °°•• Gafurov Islom ••°° | F52: Chiqim | G52: 20000 | H52: UZS | K52: oylik | L52: Ойлик (ish haqi) | N52: Стадион | P52: 254366051 | R52: Umid | S52: Avans
A53: 52 | B53: 46305 | C53: 0.82083333 | D53: 254366051 | E53: °°•• Gafurov Islom ••°° | F53: Chiqim | G53: 20000 | H53: UZS | K53: oylik | L53: Ойлик (ish haqi) | N53: Стадион | P53: 254366051 | R53: Izzatilla | S53: Avans
A54: 53 | B54: 46305 | C54: 0.82083333 | D54: 254366051 | E54: °°•• Gafurov Islom ••°° | F54: Chiqim | G54: 20000 | H54: UZS | K54: oylik | L54: Ойлик (ish haqi) | N54: Стадион | P54: 254366051 | R54: Doston | S54: Avans
A55: 54 | B55: 46305 | C55: 0.82430556 | D55: 254366051 | E55: °°•• Gafurov Islom ••°° | F55: Chiqim | G55: 20000 | H55: UZS | K55: oylik | L55: Ойлик (ish haqi) | N55: Стадион Элбек ойлик | P55: 254366051 | R55: Dilmurod | S55: Avans
A56: 55 | B56: 46305 | C56: 0.825 | D56: 254366051 | E56: °°•• Gafurov Islom ••°° | F56: Chiqim | G56: 35000 | H56: UZS | K56: ovqat | L56: Ovqat | N56: Обед озим | P56: 254366051
A57: 56 | B57: 46305 | C57: 0.82777778 | D57: 6156487883 | E57: Umid Yusupov | F57: Kirim | G57: 4800000 | H57: UZS | K57: rahbar | L57: Rahbardan | N57: So'rov #3: Харажат учун | P57: 443142649
A58: 57 | B58: 46305 | C58: 0.82916667 | D58: 254366051 | E58: °°•• Gafurov Islom ••°° | F58: Kirim | G58: 16657060 | H58: USD | I58: 1400 | J58: 11897.9 | K58: rahbar | L58: Rahbardan | N58: Азимга | P58: 443142649
A59: 58 | B59: 46306 | C59: 0.71944444 | D59: 6156487883 | E59: Umid Yusupov | F59: Chiqim | G59: 372000 | H59: UZS | K59: zapravka | L59: Zapravka | N59: Заправка Лабо | P59: 6156487883 | R59: Labo — Elyor
A60: 59 | B60: 46306 | C60: 0.72013889 | D60: 6156487883 | E60: Umid Yusupov | F60: Chiqim | G60: 50000 | H60: UZS | K60: ovqat | L60: Ovqat | M60: 388 | N60: Обед 1 киши Миржамол ака | P60: 6156487883
A61: 60 | B61: 46306 | C61: 0.72083333 | D61: 6156487883 | E61: Umid Yusupov | F61: Chiqim | G61: 200000 | H61: UZS | K61: ovqat | L61: Ovqat | N61: Обед 5 киши Дилмурод ака (Акбар) | P61: 6156487883
A62: 61 | B62: 46306 | C62: 0.72430556 | D62: 6156487883 | E62: Umid Yusupov | F62: Chiqim | G62: 200000 | H62: UZS | K62: ovqat | L62: Ovqat | N62: 200.000 ужин 5 киши Дилмурод ака (Акбар) | P62: 6156487883
A63: 62 | B63: 46306 | C63: 0.725 | D63: 6156487883 | E63: Umid Yusupov | F63: Chiqim | G63: 80000 | H63: UZS | K63: ovqat | L63: Ovqat | M63: 388 | N63: Обед 2 киши Миржамол ака | P63: 6156487883
A64: 63 | B64: 46306 | C64: 0.72708333 | D64: 6156487883 | E64: Umid Yusupov | F64: Chiqim | G64: 180000 | H64: UZS | K64: ovqat | L64: Ovqat | N64: Обед 4 киши Дилмурод ака (Акбар) | P64: 6156487883
A65: 64 | B65: 46306 | C65: 0.72777778 | D65: 6156487883 | E65: Umid Yusupov | F65: Chiqim | G65: 80000 | H65: UZS | K65: ovqat | L65: Ovqat | M65: 388 | N65: Ужин 2 киши Миржамол ака | P65: 6156487883
A66: 65 | B66: 46306 | C66: 0.72847222 | D66: 6156487883 | E66: Umid Yusupov | F66: Chiqim | G66: 120000 | H66: UZS | K66: ovqat | L66: Ovqat | N66: Ужин 3 киши Дилмурод ака (Акбар) | P66: 6156487883
A67: 66 | B67: 46306 | C67: 0.73194444 | D67: 6156487883 | E67: Umid Yusupov | F67: Chiqim | G67: 200000 | H67: UZS | K67: ovqat | L67: Ovqat | N67: Обед 5 киши Дилмурод ака (Акбар) | P67: 6156487883
A68: 67 | B68: 46306 | C68: 0.73263889 | D68: 6156487883 | E68: Umid Yusupov | F68: Chiqim | G68: 25000 | H68: UZS | K68: rahbarga | L68: Rahbarga (shaxsiy) | N68: Обед Нон кабоб | P68: 6156487883
A69: 68 | B69: 46306 | C69: 0.73333333 | D69: 6156487883 | E69: Umid Yusupov | F69: Chiqim | G69: 80000 | H69: UZS | K69: ovqat | L69: Ovqat | M69: 388 | N69: Обед 2 киши Миржамол ака | P69: 6156487883
A70: 69 | B70: 46306 | C70: 0.73472222 | D70: 6156487883 | E70: Umid Yusupov | F70: Chiqim | G70: 200000 | H70: UZS | K70: ovqat | L70: Ovqat | N70: Ужин 5 киши Дилмурод ака (Акбар) | P70: 6156487883
A71: 70 | B71: 46306 | C71: 0.73541667 | D71: 6156487883 | E71: Umid Yusupov | F71: Chiqim | G71: 375000 | H71: UZS | K71: zapravka | L71: Zapravka | N71: Заправка Лабо | P71: 6156487883 | R71: Labo — Elyor
A72: 71 | B72: 46306 | C72: 0.73541667 | D72: 6156487883 | E72: Umid Yusupov | F72: Chiqim | G72: 80000 | H72: UZS | K72: ovqat | L72: Ovqat | M72: 388 | N72: Обед 2 киши Миржамол ака | P72: 6156487883
A73: 72 | B73: 46306 | C73: 0.73680556 | D73: 6156487883 | E73: Umid Yusupov | F73: Chiqim | G73: 120000 | H73: UZS | K73: ovqat | L73: Ovqat | N73: Обед 3 киши Дилмурод ака (Акбар) | P73: 6156487883
A74: 73 | B74: 46306 | C74: 0.7375 | D74: 6156487883 | E74: Umid Yusupov | F74: Chiqim | G74: 115000 | H74: UZS | K74: ofis | L74: Ofis uchun | N74: Подписка (KlingAI) для видео | P74: 6156487883
A75: 74 | B75: 46306 | C75: 0.73958333 | D75: 6156487883 | E75: Umid Yusupov | F75: Chiqim | G75: 450000 | H75: UZS | K75: zapravka | L75: Zapravka | N75: Заправка Шинерай | P75: 6156487883 | R75: Shineray — Ulug'bek
A76: 75 | B76: 46306 | C76: 0.74027778 | D76: 6156487883 | E76: Umid Yusupov | F76: Chiqim | G76: 160000 | H76: UZS | K76: ovqat | L76: Ovqat | M76: 383 | N76: Обед 4 киши Дилмурод ака | P76: 6156487883
A77: 76 | B77: 46306 | C77: 0.74166667 | D77: 6156487883 | E77: Umid Yusupov | F77: Chiqim | G77: 150000 | H77: UZS | K77: material | L77: Заказ материал | M77: 388 | N77: Детал для Комил ака (Голый мдф 0.8) | P77: 6156487883
A78: 77 | B78: 46306 | C78: 0.74236111 | D78: 6156487883 | E78: Umid Yusupov | F78: Chiqim | G78: 80000 | H78: UZS | K78: ovqat | L78: Ovqat | M78: 388 | N78: Ужин 2 киши Миржамол ака | P78: 6156487883
A79: 78 | B79: 46306 | C79: 0.74305556 | D79: 6156487883 | E79: Umid Yusupov | F79: Chiqim | G79: 80000 | H79: UZS | K79: ovqat | L79: Ovqat | M79: 388 | N79: Обед 2 киши Миржамол ака | P79: 6156487883
A80: 79 | B80: 46306 | C80: 0.74375 | D80: 6156487883 | E80: Umid Yusupov | F80: Chiqim | G80: 80000 | H80: UZS | K80: ovqat | L80: Ovqat | N80: Обед 2 киши Элер ака Жалол | P80: 6156487883
A81: 80 | B81: 46306 | C81: 0.74513889 | D81: 6156487883 | E81: Umid Yusupov | F81: Chiqim | G81: 120000 | H81: UZS | K81: ovqat | L81: Ovqat | M81: 383 | N81: Ужин 3 киши Дилмурод ака | P81: 6156487883
A82: 81 | B82: 46306 | C82: 0.74583333 | D82: 6156487883 | E82: Umid Yusupov | F82: Chiqim | G82: 58000 | H82: UZS | K82: mashina | L82: Mashina / dostavka | M82: 383 | N82: Доставка инструмент | P82: 6156487883
A83: 82 | B83: 46306 | C83: 0.75555556 | D83: 6156487883 | E83: Umid Yusupov | F83: Chiqim | G83: 80000 | H83: UZS | K83: ovqat | L83: Ovqat | N83: Обед 2 киши Элер Жасур (Улугбек) | P83: 6156487883
A84: 83 | B84: 46306 | C84: 0.75625 | D84: 6156487883 | E84: Umid Yusupov | F84: Chiqim | G84: 120000 | H84: UZS | K84: rahbarga | L84: Rahbarga (shaxsiy) | N84: Мойка Zeekr | P84: 6156487883
A85: 84 | B85: 46306 | C85: 0.75694444 | D85: 6156487883 | E85: Umid Yusupov | F85: Chiqim | G85: 160000 | H85: UZS | K85: ovqat | L85: Ovqat | M85: 383 | N85: Ужин 4 киши Дилмурод ака | P85: 6156487883
A86: 85 | B86: 46306 | C86: 0.75763889 | D86: 6156487883 | E86: Umid Yusupov | F86: Chiqim | G86: 80000 | H86: UZS | K86: ovqat | L86: Ovqat | M86: 383 | N86: Ужин 2 киши Миржамол ака | P86: 6156487883
A87: 86 | B87: 46306 | C87: 0.76180556 | D87: 6156487883 | E87: Umid Yusupov | F87: Chiqim | G87: 160000 | H87: UZS | K87: ovqat | L87: Ovqat | N87: Обед 4 киши Дилмурод ака (Акбар) | P87: 6156487883
A88: 87 | B88: 46306 | C88: 0.7625 | D88: 6156487883 | E88: Umid Yusupov | F88: Chiqim | G88: 200000 | H88: UZS | K88: ovqat | L88: Ovqat | N88: Ужин 5 киши Дилмурод ака (Акбар) | P88: 6156487883
A89: 88 | B89: 46306 | C89: 0.76319444 | D89: 6156487883 | E89: Umid Yusupov | F89: Chiqim | G89: 100000 | H89: UZS | K89: ovqat | L89: Ovqat | M89: 388 | N89: Обед 2 киши Миржамол ака | P89: 6156487883
A90: 89 | B90: 46306 | C90: 0.76388889 | D90: 6156487883 | E90: Umid Yusupov | F90: Chiqim | G90: 80000 | H90: UZS | K90: ovqat | L90: Ovqat | N90: Обед 2 киши Улугбек ака Нурулло | P90: 6156487883
A91: 90 | B91: 46306 | C91: 0.76388889 | D91: 6156487883 | E91: Umid Yusupov | F91: Chiqim | G91: 200000 | H91: UZS | K91: zapravka | L91: Zapravka | N91: Бензин Жума ога | P91: 6156487883 | R91: Jumaka
A92: 91 | B92: 46306 | C92: 0.76458333 | D92: 6156487883 | E92: Umid Yusupov | F92: Chiqim | G92: 80000 | H92: UZS | K92: ovqat | L92: Ovqat | N92: Обед 2 киши Элер ака Жалол | P92: 6156487883
A93: 92 | B93: 46306 | C93: 0.76527778 | D93: 6156487883 | E93: Umid Yusupov | F93: Chiqim | G93: 80000 | H93: UZS | K93: ovqat | L93: Ovqat | N93: Обед 2 киши Жума ога (Офис) | P93: 6156487883
A94: 93 | B94: 46306 | C94: 0.76597222 | D94: 6156487883 | E94: Umid Yusupov | F94: Chiqim | G94: 80000 | H94: UZS | K94: ovqat | L94: Ovqat | N94: Обед 2 киши Улугбек ака | P94: 6156487883
A95: 94 | B95: 46306 | C95: 0.76666667 | D95: 6156487883 | E95: Umid Yusupov | F95: Chiqim | G95: 120000 | H95: UZS | K95: ovqat | L95: Ovqat | M95: 398 | N95: Обед 3 киши Дилмурод ака | P95: 6156487883
A96: 95 | B96: 46306 | C96: 0.76736111 | D96: 6156487883 | E96: Umid Yusupov | F96: Chiqim | G96: 120000 | H96: UZS | K96: ovqat | L96: Ovqat | M96: 398 | N96: Ужин 3 киши Дилмурод ака | P96: 6156487883
A97: 96 | B97: 46306 | C97: 0.76805556 | D97: 6156487883 | E97: Umid Yusupov | F97: Chiqim | G97: 373000 | H97: UZS | K97: zapravka | L97: Zapravka | N97: Заправка Лабо | P97: 6156487883 | R97: Labo — Elyor
A98: 97 | B98: 46306 | C98: 0.76875 | D98: 6156487883 | E98: Umid Yusupov | F98: Chiqim | G98: 80000 | H98: UZS | K98: ovqat | L98: Ovqat | M98: 388 | N98: Обед 2 киши Миржамол ака | P98: 6156487883
A99: 98 | B99: 46306 | C99: 0.76944444 | D99: 6156487883 | E99: Umid Yusupov | F99: Chiqim | G99: 80000 | H99: UZS | K99: ovqat | L99: Ovqat | M99: 388 | N99: Ужин 2 киши Миржамол ака | P99: 6156487883
A100: 99 | B100: 46306 | C100: 0.76944444 | D100: 6156487883 | E100: Umid Yusupov | F100: Chiqim | G100: 40000 | H100: UZS | K100: ovqat | L100: Ovqat | M100: 388 | N100: Обед Миржамол ака | P100: 6156487883
...

Sheet Buyurtmalar
A1: ID | B1: Mijoz | C1: Telefon | D1: Tavsif | E1: Shartnoma (so'm) | F1: Holat | G1: Ochilgan | H1: Yopilgan | I1: Sarflandi | J1: Avans olindi | K1: Foyda | L1: Sarf % | M1: Mijoz qarzi | N1: Sayt holati | O1: Topshirish sanasi | P1: Manzil | Q1: Итого (sayt) | R1: Valyuta (sayt) | S1: Mebel turi
A2: 404 | B2: ФЕРУЗА ОПА | D2: sayt | E2: 0 | F2: yakun | G2: 46302 | H2: 46319 | I2: =SUMIFS(Amallar!G:G,Amallar!M:M,A2,Amallar!F:F,"Chiqim",Amallar!Q:Q,"<>Ha") -> 4864800 | J2: =SUMIFS(Amallar!G:G,Amallar!M:M,A2,Amallar!F:F,"Kirim",Amallar!K:K,"avans",Amallar!Q:Q,"<>Ha")+SUMIFS(Amallar!G:G,Amallar!M:M,A2,Amallar!F:F,"Kirim",Amallar!K:K,"qoldiq",Amallar!Q:Q,"<>Ha") -> 4426800 | K2: =IF(E2>0,E2-I2,"") | L2: =IF(E2>0,I2/E2,"") | M2: =IF(E2>0,E2-J2,"") | N2: Готов | O2: 46320 | P2: КОЙЛИК | Q2: 1380 | R2: USD | S2: прихожая
A3: 403 | B3: Ezoza opa | D3: sayt | E3: 0 | F3: yakun | G3: 46302 | H3: 46318 | I3: =SUMIFS(Amallar!G:G,Amallar!M:M,A3,Amallar!F:F,"Chiqim",Amallar!Q:Q,"<>Ha") -> 17086000 | J3: =SUMIFS(Amallar!G:G,Amallar!M:M,A3,Amallar!F:F,"Kirim",Amallar!K:K,"avans",Amallar!Q:Q,"<>Ha")+SUMIFS(Amallar!G:G,Amallar!M:M,A3,Amallar!F:F,"Kirim",Amallar!K:K,"qoldiq",Amallar!Q:Q,"<>Ha") -> 16541000 | K3: =IF(E3>0,E3-I3,"") | L3: =IF(E3>0,I3/E3,"") | M3: =IF(E3>0,E3-J3,"") | N3: Готов | O3: 46328 | P3: mirzo ulugbek | Q3: 3390 | R3: USD | S3: санузел шкаф,кухня
A4: 402 | B4: GABIDEN AKA | D4: sayt | E4: 0 | F4: jarayonda | G4: 46302 | I4: =SUMIFS(Amallar!G:G,Amallar!M:M,A4,Amallar!F:F,"Chiqim",Amallar!Q:Q,"<>Ha") -> 929200 | J4: =SUMIFS(Amallar!G:G,Amallar!M:M,A4,Amallar!F:F,"Kirim",Amallar!K:K,"avans",Amallar!Q:Q,"<>Ha")+SUMIFS(Amallar!G:G,Amallar!M:M,A4,Amallar!F:F,"Kirim",Amallar!K:K,"qoldiq",Amallar!Q:Q,"<>Ha") -> 0 | K4: =IF(E4>0,E4-I4,"") | L4: =IF(E4>0,I4/E4,"") | M4: =IF(E4>0,E4-J4,"") | N4: Установка | O4: 46332 | P4: CHILONZOR | Q4: 6650 | R4: USD | S4: спальня,прихожая,под.тв
A5: 399 | B5: АЛИЖОН АКА | D5: sayt | E5: 0 | F5: jarayonda | G5: 46302 | I5: =SUMIFS(Amallar!G:G,Amallar!M:M,A5,Amallar!F:F,"Chiqim",Amallar!Q:Q,"<>Ha") -> 1632000 | J5: =SUMIFS(Amallar!G:G,Amallar!M:M,A5,Amallar!F:F,"Kirim",Amallar!K:K,"avans",Amallar!Q:Q,"<>Ha")+SUMIFS(Amallar!G:G,Amallar!M:M,A5,Amallar!F:F,"Kirim",Amallar!K:K,"qoldiq",Amallar!Q:Q,"<>Ha") -> 0 | K5: =IF(E5>0,E5-I5,"") | L5: =IF(E5>0,I5/E5,"") | M5: =IF(E5>0,E5-J5,"") | N5: Установка | O5: 46319 | P5: ГЛИНКА 19 | Q5: 6950 | R5: USD | S5: КУХНЯ ПРИХОЖАЯ
A6: 398 | B6: СОХИБА | D6: sayt | E6: 0 | F6: yakun | G6: 46302 | H6: 46315 | I6: =SUMIFS(Amallar!G:G,Amallar!M:M,A6,Amallar!F:F,"Chiqim",Amallar!Q:Q,"<>Ha") -> 1070000 | J6: =SUMIFS(Amallar!G:G,Amallar!M:M,A6,Amallar!F:F,"Kirim",Amallar!K:K,"avans",Amallar!Q:Q,"<>Ha")+SUMIFS(Amallar!G:G,Amallar!M:M,A6,Amallar!F:F,"Kirim",Amallar!K:K,"qoldiq",Amallar!Q:Q,"<>Ha") -> 12399800 | K6: =IF(E6>0,E6-I6,"") | L6: =IF(E6>0,I6/E6,"") | M6: =IF(E6>0,E6-J6,"") | N6: Готов | O6: 46299 | P6: АЛГОРИТМ | Q6: 3150 | R6: USD | S6: -
A7: 397 | B7: XAMID AKA | D7: sayt | E7: 0 | F7: yakun | G7: 46302 | H7: 46319 | I7: =SUMIFS(Amallar!G:G,Amallar!M:M,A7,Amallar!F:F,"Chiqim",Amallar!Q:Q,"<>Ha") -> 30036000 | J7: =SUMIFS(Amallar!G:G,Amallar!M:M,A7,Amallar!F:F,"Kirim",Amallar!K:K,"avans",Amallar!Q:Q,"<>Ha")+SUMIFS(Amallar!G:G,Amallar!M:M,A7,Amallar!F:F,"Kirim",Amallar!K:K,"qoldiq",Amallar!Q:Q,"<>Ha") -> 24038000 | K7: =IF(E7>0,E7-I7,"") | L7: =IF(E7>0,I7/E7,"") | M7: =IF(E7>0,E7-J7,"") | N7: Готов | O7: 46313 | P7: QUSHBEGI | Q7: 7020 | R7: USD | S7: -
A8: 395 | B8: БЕКЗОД | D8: sayt | E8: 0 | F8: yakun | G8: 46302 | H8: 46317 | I8: =SUMIFS(Amallar!G:G,Amallar!M:M,A8,Amallar!F:F,"Chiqim",Amallar!Q:Q,"<>Ha") -> 36559700 | J8: =SUMIFS(Amallar!G:G,Amallar!M:M,A8,Amallar!F:F,"Kirim",Amallar!K:K,"avans",Amallar!Q:Q,"<>Ha")+SUMIFS(Amallar!G:G,Amallar!M:M,A8,Amallar!F:F,"Kirim",Amallar!K:K,"qoldiq",Amallar!Q:Q,"<>Ha") -> 30975700 | K8: =IF(E8>0,E8-I8,"") | L8: =IF(E8>0,I8/E8,"") | M8: =IF(E8>0,E8-J8,"") | N8: Готов | O8: 46307 | P8: Самарканд дарвоза | Q8: 12103 | R8: USD | S8: ПОЛНЫЙ ДОМ (АКРИЛ)
A9: 392 | B9: МАРХАБО | D9: sayt | E9: 0 | F9: jarayonda | G9: 46302 | I9: =SUMIFS(Amallar!G:G,Amallar!M:M,A9,Amallar!F:F,"Chiqim",Amallar!Q:Q,"<>Ha") -> 3910800 | J9: =SUMIFS(Amallar!G:G,Amallar!M:M,A9,Amallar!F:F,"Kirim",Amallar!K:K,"avans",Amallar!Q:Q,"<>Ha")+SUMIFS(Amallar!G:G,Amallar!M:M,A9,Amallar!F:F,"Kirim",Amallar!K:K,"qoldiq",Amallar!Q:Q,"<>Ha") -> 0 | K9: =IF(E9>0,E9-I9,"") | L9: =IF(E9>0,I9/E9,"") | M9: =IF(E9>0,E9-J9,"") | N9: Установка | O9: 46312 | P9: ЯНГИЙУЛ | Q9: 10535 | R9: USD | S9: -
A10: 388 | B10: КОМИЛ | D10: sayt | E10: 0 | F10: yakun | G10: 46302 | H10: 46315 | I10: =SUMIFS(Amallar!G:G,Amallar!M:M,A10,Amallar!F:F,"Chiqim",Amallar!Q:Q,"<>Ha") -> 2696000 | J10: =SUMIFS(Amallar!G:G,Amallar!M:M,A10,Amallar!F:F,"Kirim",Amallar!K:K,"avans",Amallar!Q:Q,"<>Ha")+SUMIFS(Amallar!G:G,Amallar!M:M,A10,Amallar!F:F,"Kirim",Amallar!K:K,"qoldiq",Amallar!Q:Q,"<>Ha") -> 45209625 | K10: =IF(E10>0,E10-I10,"") | L10: =IF(E10>0,I10/E10,"") | M10: =IF(E10>0,E10-J10,"") | N10: Готов | O10: 46274 | P10: ИЗЗА | Q10: 13747 | R10: USD | S10: -
A11: 383 | B11: Хуршид | D11: sayt | E11: 0 | F11: yakun | G11: 46302 | H11: 46315 | I11: =SUMIFS(Amallar!G:G,Amallar!M:M,A11,Amallar!F:F,"Chiqim",Amallar!Q:Q,"<>Ha") -> 31855122 | J11: =SUMIFS(Amallar!G:G,Amallar!M:M,A11,Amallar!F:F,"Kirim",Amallar!K:K,"avans",Amallar!Q:Q,"<>Ha")+SUMIFS(Amallar!G:G,Amallar!M:M,A11,Amallar!F:F,"Kirim",Amallar!K:K,"qoldiq",Amallar!Q:Q,"<>Ha") -> 91796087 | K11: =IF(E11>0,E11-I11,"") | L11: =IF(E11>0,I11/E11,"") | M11: =IF(E11>0,E11-J11,"") | N11: Готов | O11: 46235 | P11: Яшнобод | Q11: 22615 | R11: USD | S11: КУХНЯ САПАЛЬНЯ
A12: 406 | B12: НАЗИРА | D12: sayt | E12: 0 | F12: jarayonda | G12: 46302 | I12: =SUMIFS(Amallar!G:G,Amallar!M:M,A12,Amallar!F:F,"Chiqim",Amallar!Q:Q,"<>Ha") -> 5609744 | J12: =SUMIFS(Amallar!G:G,Amallar!M:M,A12,Amallar!F:F,"Kirim",Amallar!K:K,"avans",Amallar!Q:Q,"<>Ha")+SUMIFS(Amallar!G:G,Amallar!M:M,A12,Amallar!F:F,"Kirim",Amallar!K:K,"qoldiq",Amallar!Q:Q,"<>Ha") -> 49971180 | K12: =IF(E12>0,E12-I12,"") | L12: =IF(E12>0,I12/E12,"") | M12: =IF(E12>0,E12-J12,"") | N12: Заказ на сырье | O12: 46355 | P12: ШАЙХОНТОХУР | Q12: 6000 | R12: USD | S12: кухня мдф краш
A13: 405 | B13: НАИМА ОПА | D13: sayt | E13: 0 | F13: jarayonda | G13: 46302 | I13: =SUMIFS(Amallar!G:G,Amallar!M:M,A13,Amallar!F:F,"Chiqim",Amallar!Q:Q,"<>Ha") -> 0 | J13: =SUMIFS(Amallar!G:G,Amallar!M:M,A13,Amallar!F:F,"Kirim",Amallar!K:K,"avans",Amallar!Q:Q,"<>Ha")+SUMIFS(Amallar!G:G,Amallar!M:M,A13,Amallar!F:F,"Kirim",Amallar!K:K,"qoldiq",Amallar!Q:Q,"<>Ha") -> 0 | K13: =IF(E13>0,E13-I13,"") | L13: =IF(E13>0,I13/E13,"") | M13: =IF(E13>0,E13-J13,"") | N13: Заказ на сырье | O13: 46347 | P13: МИРЗО УЛУГБЕК | Q13: 8920 | R13: USD | S13: КУХНЯ ,ШКАФ,САНУЗЕЛ АКРИЛ+МДФ КРАШ
A14: 400 | B14: Гулмирапа | D14: sayt | E14: 0 | F14: jarayonda | G14: 46302 | I14: =SUMIFS(Amallar!G:G,Amallar!M:M,A14,Amallar!F:F,"Chiqim",Amallar!Q:Q,"<>Ha") -> 0 | J14: =SUMIFS(Amallar!G:G,Amallar!M:M,A14,Amallar!F:F,"Kirim",Amallar!K:K,"avans",Amallar!Q:Q,"<>Ha")+SUMIFS(Amallar!G:G,Amallar!M:M,A14,Amallar!F:F,"Kirim",Amallar!K:K,"qoldiq",Amallar!Q:Q,"<>Ha") -> 0 | K14: =IF(E14>0,E14-I14,"") | L14: =IF(E14>0,I14/E14,"") | M14: =IF(E14>0,E14-J14,"") | N14: Заказ на сырье | O14: 46351 | P14: mirzo ulugbek rayon | Q14: 20735 | R14: USD | S14: кухня спальня детский санузел
A15: 396 | B15: Mohir aka | D15: sayt | E15: 0 | F15: yakun | G15: 46302 | H15: 46302 | I15: =SUMIFS(Amallar!G:G,Amallar!M:M,A15,Amallar!F:F,"Chiqim",Amallar!Q:Q,"<>Ha") -> 0 | J15: =SUMIFS(Amallar!G:G,Amallar!M:M,A15,Amallar!F:F,"Kirim",Amallar!K:K,"avans",Amallar!Q:Q,"<>Ha")+SUMIFS(Amallar!G:G,Amallar!M:M,A15,Amallar!F:F,"Kirim",Amallar!K:K,"qoldiq",Amallar!Q:Q,"<>Ha") -> 0 | K15: =IF(E15>0,E15-I15,"") | L15: =IF(E15>0,I15/E15,"") | M15: =IF(E15>0,E15-J15,"") | N15: Готов | O15: 46282 | P15: JANGOX 25 | Q15: 1850 | R15: USD | S15: -
A16: 394 | B16: Alisher aka | D16: sayt | E16: 0 | F16: jarayonda | G16: 46302 | I16: =SUMIFS(Amallar!G:G,Amallar!M:M,A16,Amallar!F:F,"Chiqim",Amallar!Q:Q,"<>Ha") -> 28661348 | J16: =SUMIFS(Amallar!G:G,Amallar!M:M,A16,Amallar!F:F,"Kirim",Amallar!K:K,"avans",Amallar!Q:Q,"<>Ha")+SUMIFS(Amallar!G:G,Amallar!M:M,A16,Amallar!F:F,"Kirim",Amallar!K:K,"qoldiq",Amallar!Q:Q,"<>Ha") -> 0 | K16: =IF(E16>0,E16-I16,"") | L16: =IF(E16>0,I16/E16,"") | M16: =IF(E16>0,E16-J16,"") | N16: Заказ на сырье | O16: 46338 | P16: jarariq | Q16: 23200 | R16: USD | S16: полный дом
A17: 393 | B17: ХУСНИДДИН | D17: sayt | E17: 0 | F17: yakun | G17: 46302 | H17: 46302 | I17: =SUMIFS(Amallar!G:G,Amallar!M:M,A17,Amallar!F:F,"Chiqim",Amallar!Q:Q,"<>Ha") -> 0 | J17: =SUMIFS(Amallar!G:G,Amallar!M:M,A17,Amallar!F:F,"Kirim",Amallar!K:K,"avans",Amallar!Q:Q,"<>Ha")+SUMIFS(Amallar!G:G,Amallar!M:M,A17,Amallar!F:F,"Kirim",Amallar!K:K,"qoldiq",Amallar!Q:Q,"<>Ha") -> 0 | K17: =IF(E17>0,E17-I17,"") | L17: =IF(E17>0,I17/E17,"") | M17: =IF(E17>0,E17-J17,"") | N17: Готов | O17: 46280 | P17: ШАЙХОНТОХУР | Q17: 2150 | R17: USD | S17: ГАРДЕРОБНАЯ
A18: 389 | B18: НОДИР | D18: sayt | E18: 0 | F18: jarayonda | G18: 46302 | I18: =SUMIFS(Amallar!G:G,Amallar!M:M,A18,Amallar!F:F,"Chiqim",Amallar!Q:Q,"<>Ha") -> 46308848 | J18: =SUMIFS(Amallar!G:G,Amallar!M:M,A18,Amallar!F:F,"Kirim",Amallar!K:K,"avans",Amallar!Q:Q,"<>Ha")+SUMIFS(Amallar!G:G,Amallar!M:M,A18,Amallar!F:F,"Kirim",Amallar!K:K,"qoldiq",Amallar!Q:Q,"<>Ha") -> 0 | K18: =IF(E18>0,E18-I18,"") | L18: =IF(E18>0,I18/E18,"") | M18: =IF(E18>0,E18-J18,"") | N18: Установка | O18: 46343 | P18: ЭШОНГУЗАР | Q18: 31100 | R18: USD | S18: ПОЛНЫЙ ДОМ
A19: 391 | B19: АКБАР АКА | D19: sayt | E19: 0 | F19: yakun | G19: 46302 | H19: 46302 | I19: =SUMIFS(Amallar!G:G,Amallar!M:M,A19,Amallar!F:F,"Chiqim",Amallar!Q:Q,"<>Ha") -> 1381000 | J19: =SUMIFS(Amallar!G:G,Amallar!M:M,A19,Amallar!F:F,"Kirim",Amallar!K:K,"avans",Amallar!Q:Q,"<>Ha")+SUMIFS(Amallar!G:G,Amallar!M:M,A19,Amallar!F:F,"Kirim",Amallar!K:K,"qoldiq",Amallar!Q:Q,"<>Ha") -> 71860520 | K19: =IF(E19>0,E19-I19,"") | L19: =IF(E19>0,I19/E19,"") | M19: =IF(E19>0,E19-J19,"") | N19: Готов | O19: 46269 | P19: ГРЕНВИЧ | Q19: 16742 | R19: USD | S19: -
A20: 390 | B20: ДИЛШОД | D20: sayt | E20: 0 | F20: yakun | G20: 46302 | H20: 46302 | I20: =SUMIFS(Amallar!G:G,Amallar!M:M,A20,Amallar!F:F,"Chiqim",Amallar!Q:Q,"<>Ha") -> 0 | J20: =SUMIFS(Amallar!G:G,Amallar!M:M,A20,Amallar!F:F,"Kirim",Amallar!K:K,"avans",Amallar!Q:Q,"<>Ha")+SUMIFS(Amallar!G:G,Amallar!M:M,A20,Amallar!F:F,"Kirim",Amallar!K:K,"qoldiq",Amallar!Q:Q,"<>Ha") -> 0 | K20: =IF(E20>0,E20-I20,"") | L20: =IF(E20>0,I20/E20,"") | M20: =IF(E20>0,E20-J20,"") | N20: Готов | O20: 46247 | P20: СЕРГЕЛИ | Q20: 2560 | R20: USD | S20: -
A21: 387 | B21: ШАХНОЗА | D21: sayt | E21: 0 | F21: yakun | G21: 46302 | H21: 46302 | I21: =SUMIFS(Amallar!G:G,Amallar!M:M,A21,Amallar!F:F,"Chiqim",Amallar!Q:Q,"<>Ha") -> 0 | J21: =SUMIFS(Amallar!G:G,Amallar!M:M,A21,Amallar!F:F,"Kirim",Amallar!K:K,"avans",Amallar!Q:Q,"<>Ha")+SUMIFS(Amallar!G:G,Amallar!M:M,A21,Amallar!F:F,"Kirim",Amallar!K:K,"qoldiq",Amallar!Q:Q,"<>Ha") -> 0 | K21: =IF(E21>0,E21-I21,"") | L21: =IF(E21>0,I21/E21,"") | M21: =IF(E21>0,E21-J21,"") | N21: Готов | O21: 46244 | P21: ЯНГИЙУЛ | Q21: 1040 | R21: USD | S21: САНУЗЕЛ
A22: 386 | B22: Nigora | D22: sayt | E22: 0 | F22: yakun | G22: 46302 | H22: 46302 | I22: =SUMIFS(Amallar!G:G,Amallar!M:M,A22,Amallar!F:F,"Chiqim",Amallar!Q:Q,"<>Ha") -> 1620000 | J22: =SUMIFS(Amallar!G:G,Amallar!M:M,A22,Amallar!F:F,"Kirim",Amallar!K:K,"avans",Amallar!Q:Q,"<>Ha")+SUMIFS(Amallar!G:G,Amallar!M:M,A22,Amallar!F:F,"Kirim",Amallar!K:K,"qoldiq",Amallar!Q:Q,"<>Ha") -> 0 | K22: =IF(E22>0,E22-I22,"") | L22: =IF(E22>0,I22/E22,"") | M22: =IF(E22>0,E22-J22,"") | N22: Готов | O22: 46253 | P22: КУШБЕГИ | Q22: 3925 | R22: USD | S22: -
A23: 385 | B23: САИДИСЛОМ | D23: sayt | E23: 0 | F23: yakun | G23: 46302 | H23: 46302 | I23: =SUMIFS(Amallar!G:G,Amallar!M:M,A23,Amallar!F:F,"Chiqim",Amallar!Q:Q,"<>Ha") -> 0 | J23: =SUMIFS(Amallar!G:G,Amallar!M:M,A23,Amallar!F:F,"Kirim",Amallar!K:K,"avans",Amallar!Q:Q,"<>Ha")+SUMIFS(Amallar!G:G,Amallar!M:M,A23,Amallar!F:F,"Kirim",Amallar!K:K,"qoldiq",Amallar!Q:Q,"<>Ha") -> 0 | K23: =IF(E23>0,E23-I23,"") | L23: =IF(E23>0,I23/E23,"") | M23: =IF(E23>0,E23-J23,"") | N23: Готов | O23: 46220 | P23: КОРАКАМИШ | Q23: 4000 | R23: USD | S23: ГАРДЕРОБНАЯ
A24: 384 | B24: Mohir aka | D24: sayt | E24: 0 | F24: yakun | G24: 46302 | H24: 46302 | I24: =SUMIFS(Amallar!G:G,Amallar!M:M,A24,Amallar!F:F,"Chiqim",Amallar!Q:Q,"<>Ha") -> 0 | J24: =SUMIFS(Amallar!G:G,Amallar!M:M,A24,Amallar!F:F,"Kirim",Amallar!K:K,"avans",Amallar!Q:Q,"<>Ha")+SUMIFS(Amallar!G:G,Amallar!M:M,A24,Amallar!F:F,"Kirim",Amallar!K:K,"qoldiq",Amallar!Q:Q,"<>Ha") -> 0 | K24: =IF(E24>0,E24-I24,"") | L24: =IF(E24>0,I24/E24,"") | M24: =IF(E24>0,E24-J24,"") | N24: Готов | O24: 46177 | P24: 30 | Q24: 5400 | R24: USD | S24: -
A25: 382 | B25: УМИД АКА | D25: sayt | E25: 0 | F25: yakun | G25: 46302 | H25: 46302 | I25: =SUMIFS(Amallar!G:G,Amallar!M:M,A25,Amallar!F:F,"Chiqim",Amallar!Q:Q,"<>Ha") -> 0 | J25: =SUMIFS(Amallar!G:G,Amallar!M:M,A25,Amallar!F:F,"Kirim",Amallar!K:K,"avans",Amallar!Q:Q,"<>Ha")+SUMIFS(Amallar!G:G,Amallar!M:M,A25,Amallar!F:F,"Kirim",Amallar!K:K,"qoldiq",Amallar!Q:Q,"<>Ha") -> 0 | K25: =IF(E25>0,E25-I25,"") | L25: =IF(E25>0,I25/E25,"") | M25: =IF(E25>0,E25-J25,"") | N25: Готов | O25: 46190 | P25: ЭШАНГУЗАР | Q25: 1650 | R25: USD | S25: ОФИС
A26: 381 | B26: Shaxzoda | D26: sayt | E26: 0 | F26: yakun | G26: 46302 | H26: 46302 | I26: =SUMIFS(Amallar!G:G,Amallar!M:M,A26,Amallar!F:F,"Chiqim",Amallar!Q:Q,"<>Ha") -> 0 | J26: =SUMIFS(Amallar!G:G,Amallar!M:M,A26,Amallar!F:F,"Kirim",Amallar!K:K,"avans",Amallar!Q:Q,"<>Ha")+SUMIFS(Amallar!G:G,Amallar!M:M,A26,Amallar!F:F,"Kirim",Amallar!K:K,"qoldiq",Amallar!Q:Q,"<>Ha") -> 0 | K26: =IF(E26>0,E26-I26,"") | L26: =IF(E26>0,I26/E26,"") | M26: =IF(E26>0,E26-J26,"") | N26: Готов | O26: 46202 | P26: Яшнабод | Q26: 4470 | R26: USD | S26: -
A27: 380 | B27: Aziz aka | D27: sayt | E27: 0 | F27: yakun | G27: 46302 | H27: 46302 | I27: =SUMIFS(Amallar!G:G,Amallar!M:M,A27,Amallar!F:F,"Chiqim",Amallar!Q:Q,"<>Ha") -> 0 | J27: =SUMIFS(Amallar!G:G,Amallar!M:M,A27,Amallar!F:F,"Kirim",Amallar!K:K,"avans",Amallar!Q:Q,"<>Ha")+SUMIFS(Amallar!G:G,Amallar!M:M,A27,Amallar!F:F,"Kirim",Amallar!K:K,"qoldiq",Amallar!Q:Q,"<>Ha") -> 0 | K27: =IF(E27>0,E27-I27,"") | L27: =IF(E27>0,I27/E27,"") | M27: =IF(E27>0,E27-J27,"") | N27: Готов | O27: 46218 | P27: МАКСИМ ГОРКИЙ | Q27: 34855 | R27: USD | S27: -
A28: 379 | B28: Oybek aka | D28: sayt | E28: 0 | F28: yakun | G28: 46302 | H28: 46302 | I28: =SUMIFS(Amallar!G:G,Amallar!M:M,A28,Amallar!F:F,"Chiqim",Amallar!Q:Q,"<>Ha") -> 0 | J28: =SUMIFS(Amallar!G:G,Amallar!M:M,A28,Amallar!F:F,"Kirim",Amallar!K:K,"avans",Amallar!Q:Q,"<>Ha")+SUMIFS(Amallar!G:G,Amallar!M:M,A28,Amallar!F:F,"Kirim",Amallar!K:K,"qoldiq",Amallar!Q:Q,"<>Ha") -> 0 | K28: =IF(E28>0,E28-I28,"") | L28: =IF(E28>0,I28/E28,"") | M28: =IF(E28>0,E28-J28,"") | N28: Готов | O28: 46168 | P28: КУЙЛИК | Q28: 3000 | R28: USD | S28: -
A29: 378 | B29: Akbar | D29: sayt | E29: 0 | F29: yakun | G29: 46302 | H29: 46302 | I29: =SUMIFS(Amallar!G:G,Amallar!M:M,A29,Amallar!F:F,"Chiqim",Amallar!Q:Q,"<>Ha") -> 55682880 | J29: =SUMIFS(Amallar!G:G,Amallar!M:M,A29,Amallar!F:F,"Kirim",Amallar!K:K,"avans",Amallar!Q:Q,"<>Ha")+SUMIFS(Amallar!G:G,Amallar!M:M,A29,Amallar!F:F,"Kirim",Amallar!K:K,"qoldiq",Amallar!Q:Q,"<>Ha") -> 0 | K29: =IF(E29>0,E29-I29,"") | L29: =IF(E29>0,I29/E29,"") | M29: =IF(E29>0,E29-J29,"") | N29: Готов | O29: 46223 | P29: NESTONE | Q29: 47250 | R29: USD | S29: ПОЛНЫЙ ДОМ
A30: 377 | B30: Mohir aka | D30: sayt | E30: 0 | F30: yakun | G30: 46302 | H30: 46302 | I30: =SUMIFS(Amallar!G:G,Amallar!M:M,A30,Amallar!F:F,"Chiqim",Amallar!Q:Q,"<>Ha") -> 0 | J30: =SUMIFS(Amallar!G:G,Amallar!M:M,A30,Amallar!F:F,"Kirim",Amallar!K:K,"avans",Amallar!Q:Q,"<>Ha")+SUMIFS(Amallar!G:G,Amallar!M:M,A30,Amallar!F:F,"Kirim",Amallar!K:K,"qoldiq",Amallar!Q:Q,"<>Ha") -> 0 | K30: =IF(E30>0,E30-I30,"") | L30: =IF(E30>0,I30/E30,"") | M30: =IF(E30>0,E30-J30,"") | N30: Готов | O30: 46210 | P30: ЯККАСАРОЙ | Q30: 1060 | R30: USD | S30: ДЕТСКИЙ
A31: 376 | B31: НОСИР АКА | D31: sayt | E31: 0 | F31: yakun | G31: 46302 | H31: 46302 | I31: =SUMIFS(Amallar!G:G,Amallar!M:M,A31,Amallar!F:F,"Chiqim",Amallar!Q:Q,"<>Ha") -> 0 | J31: =SUMIFS(Amallar!G:G,Amallar!M:M,A31,Amallar!F:F,"Kirim",Amallar!K:K,"avans",Amallar!Q:Q,"<>Ha")+SUMIFS(Amallar!G:G,Amallar!M:M,A31,Amallar!F:F,"Kirim",Amallar!K:K,"qoldiq",Amallar!Q:Q,"<>Ha") -> 0 | K31: =IF(E31>0,E31-I31,"") | L31: =IF(E31>0,I31/E31,"") | M31: =IF(E31>0,E31-J31,"") | N31: Готов | O31: 46173 | P31: КОРАКАМИШ | Q31: 1100 | R31: USD | S31: -
A32: 375 | B32: Nuriddin aka | D32: sayt | E32: 0 | F32: yakun | G32: 46302 | H32: 46302 | I32: =SUMIFS(Amallar!G:G,Amallar!M:M,A32,Amallar!F:F,"Chiqim",Amallar!Q:Q,"<>Ha") -> 1493880 | J32: =SUMIFS(Amallar!G:G,Amallar!M:M,A32,Amallar!F:F,"Kirim",Amallar!K:K,"avans",Amallar!Q:Q,"<>Ha")+SUMIFS(Amallar!G:G,Amallar!M:M,A32,Amallar!F:F,"Kirim",Amallar!K:K,"qoldiq",Amallar!Q:Q,"<>Ha") -> 0 | K32: =IF(E32>0,E32-I32,"") | L32: =IF(E32>0,I32/E32,"") | M32: =IF(E32>0,E32-J32,"") | N32: Готов | O32: 46203 | P32: СЕРГЕЛИ | Q32: 21374 | R32: USD | S32: -
A33: 374 | B33: НАЗИРА ОПА | D33: sayt | E33: 0 | F33: yakun | G33: 46302 | H33: 46302 | I33: =SUMIFS(Amallar!G:G,Amallar!M:M,A33,Amallar!F:F,"Chiqim",Amallar!Q:Q,"<>Ha") -> 0 | J33: =SUMIFS(Amallar!G:G,Amallar!M:M,A33,Amallar!F:F,"Kirim",Amallar!K:K,"avans",Amallar!Q:Q,"<>Ha")+SUMIFS(Amallar!G:G,Amallar!M:M,A33,Amallar!F:F,"Kirim",Amallar!K:K,"qoldiq",Amallar!Q:Q,"<>Ha") -> 0 | K33: =IF(E33>0,E33-I33,"") | L33: =IF(E33>0,I33/E33,"") | M33: =IF(E33>0,E33-J33,"") | N33: Готов | O33: 46185 | P33: СЕРГЕЛИ | Q33: 4300 | R33: USD | S33: -
A34: 371 | B34: Usmon aka | D34: sayt | E34: 0 | F34: yakun | G34: 46302 | H34: 46302 | I34: =SUMIFS(Amallar!G:G,Amallar!M:M,A34,Amallar!F:F,"Chiqim",Amallar!Q:Q,"<>Ha") -> 0 | J34: =SUMIFS(Amallar!G:G,Amallar!M:M,A34,Amallar!F:F,"Kirim",Amallar!K:K,"avans",Amallar!Q:Q,"<>Ha")+SUMIFS(Amallar!G:G,Amallar!M:M,A34,Amallar!F:F,"Kirim",Amallar!K:K,"qoldiq",Amallar!Q:Q,"<>Ha") -> 0 | K34: =IF(E34>0,E34-I34,"") | L34: =IF(E34>0,I34/E34,"") | M34: =IF(E34>0,E34-J34,"") | N34: Готов | O34: 46186 | P34: ЯНГИ ХАЕТ | Q34: 5400 | R34: USD | S34: -
A35: 370 | B35: УЛУГБЕК | D35: sayt | E35: 0 | F35: yakun | G35: 46302 | H35: 46302 | I35: =SUMIFS(Amallar!G:G,Amallar!M:M,A35,Amallar!F:F,"Chiqim",Amallar!Q:Q,"<>Ha") -> 0 | J35: =SUMIFS(Amallar!G:G,Amallar!M:M,A35,Amallar!F:F,"Kirim",Amallar!K:K,"avans",Amallar!Q:Q,"<>Ha")+SUMIFS(Amallar!G:G,Amallar!M:M,A35,Amallar!F:F,"Kirim",Amallar!K:K,"qoldiq",Amallar!Q:Q,"<>Ha") -> 0 | K35: =IF(E35>0,E35-I35,"") | L35: =IF(E35>0,I35/E35,"") | M35: =IF(E35>0,E35-J35,"") | N35: Готов | O35: 46190 | P35: ЯНГИ УЗБЕКИСТОН | Q35: 24100 | R35: USD | S35: ПОЛНЫЙ ДОМ
A36: 369 | B36: Muhtorhon | D36: sayt | E36: 0 | F36: yakun | G36: 46302 | H36: 46302 | I36: =SUMIFS(Amallar!G:G,Amallar!M:M,A36,Amallar!F:F,"Chiqim",Amallar!Q:Q,"<>Ha") -> 0 | J36: =SUMIFS(Amallar!G:G,Amallar!M:M,A36,Amallar!F:F,"Kirim",Amallar!K:K,"avans",Amallar!Q:Q,"<>Ha")+SUMIFS(Amallar!G:G,Amallar!M:M,A36,Amallar!F:F,"Kirim",Amallar!K:K,"qoldiq",Amallar!Q:Q,"<>Ha") -> 0 | K36: =IF(E36>0,E36-I36,"") | L36: =IF(E36>0,I36/E36,"") | M36: =IF(E36>0,E36-J36,"") | N36: Готов | O36: 46156 | P36: Mirobod tumani | Q36: 1112 | R36: USD | S36: -
... A39: 366 | B39: Munisa | D39: sayt | E39: 0 | F39: yakun | G39: 46302 | H39: 46302 | I39: =SUMIFS(Amallar!G:G,Amallar!M:M,A39,Amallar!F:F,"Chiqim",Amallar!Q:Q,"<>Ha") -> 0 | J39: =SUMIFS(Amallar!G:G,Amallar!M:M,A39,Amallar!F:F,"Kirim",Amallar!K:K,"avans",Amallar!Q:Q,"<>Ha")+SUMIFS(Amallar!G:G,Amallar!M:M,A39,Amallar!F:F,"Kirim",Amallar!K:K,"qoldiq",Amallar!Q:Q,"<>Ha") -> 0 | K39: =IF(E39>0,E39-I39,"") | L39: =IF(E39>0,I39/E39,"") | M39: =IF(E39>0,E39-J39,"") | N39: Готов | O39: 46140 | P39: borganda tushuntiriladi ili ozi hohlagan dizaynlari bor korsatadi | Q39: 4105 | R39: USD | S39: -
A40: 401 | B40: Aziza opa | D40: sayt | E40: 0 | F40: yangi | G40: 46302 | I40: =SUMIFS(Amallar!G:G,Amallar!M:M,A40,Amallar!F:F,"Chiqim",Amallar!Q:Q,"<>Ha") -> 0 | J40: =SUMIFS(Amallar!G:G,Amallar!M:M,A40,Amallar!F:F,"Kirim",Amallar!K:K,"avans",Amallar!Q:Q,"<>Ha")+SUMIFS(Amallar!G:G,Amallar!M:M,A40,Amallar!F:F,"Kirim",Amallar!K:K,"qoldiq",Amallar!Q:Q,"<>Ha") -> 66064075 | K40: =IF(E40>0,E40-I40,"") | L40: =IF(E40>0,I40/E40,"") | M40: =IF(E40>0,E40-J40,"") | N40: Деталировка | O40: 46366 | P40: polni dom | Q40: 15000 | R40: USD | S40: спальня,прачка,хол
A41: 407 | B41: Mohir aka | D41: sayt | E41: 0 | F41: jarayonda | G41: 46311 | I41: =SUMIFS(Amallar!G:G,Amallar!M:M,A41,Amallar!F:F,"Chiqim",Amallar!Q:Q,"<>Ha") -> 0 | J41: =SUMIFS(Amallar!G:G,Amallar!M:M,A41,Amallar!F:F,"Kirim",Amallar!K:K,"avans",Amallar!Q:Q,"<>Ha")+SUMIFS(Amallar!G:G,Amallar!M:M,A41,Amallar!F:F,"Kirim",Amallar!K:K,"qoldiq",Amallar!Q:Q,"<>Ha") -> 3603495 | K41: =IF(E41>0,E41-I41,"") | L41: =IF(E41>0,I41/E41,"") | M41: =IF(E41>0,E41-J41,"") | N41: Заказ на сырье | O41: 46326 | P41: nestwone | Q41: 700 | R41: USD | S41: pufik oyna
A42: 408 | B42: BUNYOD | D42: sayt | E42: 0 | F42: yangi | G42: 46315 | I42: =SUMIFS(Amallar!G:G,Amallar!M:M,A42,Amallar!F:F,"Chiqim",Amallar!Q:Q,"<>Ha") -> 0 | J42: =SUMIFS(Amallar!G:G,Amallar!M:M,A42,Amallar!F:F,"Kirim",Amallar!K:K,"avans",Amallar!Q:Q,"<>Ha")+SUMIFS(Amallar!G:G,Amallar!M:M,A42,Amallar!F:F,"Kirim",Amallar!K:K,"qoldiq",Amallar!Q:Q,"<>Ha") -> 30030750 | K42: =IF(E42>0,E42-I42,"") | L42: =IF(E42>0,I42/E42,"") | M42: =IF(E42>0,E42-J42,"") | N42: Деталировка | O42: 46360 | P42: SHAYXONTOXUR | Q42: 6630 | R42: USD | S42: KUXNYA KRAHSENNIY
A43: 409 | B43: НИЛУФАР ОПА | D43: sayt | E43: 0 | F43: yangi | G43: 46316 | I43: =SUMIFS(Amallar!G:G,Amallar!M:M,A43,Amallar!F:F,"Chiqim",Amallar!Q:Q,"<>Ha") -> 0 | J43: =SUMIFS(Amallar!G:G,Amallar!M:M,A43,Amallar!F:F,"Kirim",Amallar!K:K,"avans",Amallar!Q:Q,"<>Ha")+SUMIFS(Amallar!G:G,Amallar!M:M,A43,Amallar!F:F,"Kirim",Amallar!K:K,"qoldiq",Amallar!Q:Q,"<>Ha") -> 25001230 | K43: =IF(E43>0,E43-I43,"") | L43: =IF(E43>0,I43/E43,"") | M43: =IF(E43>0,E43-J43,"") | N43: Деталировка | O43: 46361 | P43: улица НосираТашкент | Q43: 3000 | R43: USD | S43: Спальня мдф краш
A44: 410 | B44: Murod aka | D44: sayt | E44: 0 | F44: yangi | G44: 46318 | I44: =SUMIFS(Amallar!G:G,Amallar!M:M,A44,Amallar!F:F,"Chiqim",Amallar!Q:Q,"<>Ha") -> 0 | J44: =SUMIFS(Amallar!G:G,Amallar!M:M,A44,Amallar!F:F,"Kirim",Amallar!K:K,"avans",Amallar!Q:Q,"<>Ha")+SUMIFS(Amallar!G:G,Amallar!M:M,A44,Amallar!F:F,"Kirim",Amallar!K:K,"qoldiq",Amallar!Q:Q,"<>Ha") -> 23800000 | K44: =IF(E44>0,E44-I44,"") | L44: =IF(E44>0,I44/E44,"") | M44: =IF(E44>0,E44-J44,"") | N44: Деталировка | O44: 46383 | P44: polniy dom | Q44: 17388 | R44: USD | S44: мдф краш

Sheet Ishchilar
A1: Bo'lim | B1: Ism | C1: Lavozim
A2: 1-komanda (sborka-ustanovka) | B2: Dilmurod | C2: bosh usta
A3: 1-komanda (sborka-ustanovka) | B3: Jamshid | C3: sherik
A4: 1-komanda (sborka-ustanovka) | B4: Jalol | C4: sherik
A5: 1-komanda (sborka-ustanovka) | B5: Nurilla | C5: sherik
A6: 1-komanda (sborka-ustanovka) | B6: Elbek | C6: sherik
A7: 1-komanda (sborka-ustanovka) | C7: sherik
A8: 2-komanda (sborka-ustanovka) | B8: Mirjamol | C8: bosh usta
A9: 2-komanda (sborka-ustanovka) | B9: Baxodir | C9: sherik
A10: 2-komanda (sborka-ustanovka) | C10: sherik
A11: Zavod | B11: Jumaka | C11: Servis
A12: Zavod | B12: Ulug'bek aka | C12: shofyor
A13: Zavod | B13: Rovshan | C13: Sifat nazorat
A14: Zavod | B14: Muxabbat opa | C14: molyar
A15: Zavod | B15: Mexriniso | C15: molyar
A16: Zavod | B16: Yulduz | C16: molyar
A17: Zavod | B17: 3 | C17: molyar
A18: Molyarlar | B18: Axmadilla | C18: molyar
A19: Molyarlar | B19: Jasur | C19: molyar
A20: Ofis | B20: Islom | C20: CEO
A21: Ofis | B21: Umid | C21: Pro meneger
A22: Ofis | B22: Maftuna | C22: Bosh sotuv men.
A23: Ofis | B23: Nafisa | C23: Sotuv men.
A24: Ofis | B24: Mumina | C24: SMM
A25: Ofis | B25: Izzatilla | C25: Dizayner
A26: Ofis | B26: Doston | C26: Konstruktor
A27: Ofis | B27: Shavkataka | C27: Bugalter
A28: Ofis | B28: Elyor | C28: O'lchov oluvchi

Sheet Tekshiruv
A1: 🔍 Tekshiruv: kamchiliklar va yechimlar · 19.10.2026 16:34
A3: Daraja | B3: Muammo | C3: Tafsilot | D3: Yechim
A4: 🟠 | B4: #9 °°•• Gafurov Islom ••°°: Заказ материал buyurtmasiz | C4: 07.10.2026 · 312 000 so'm · 1. шпон прес+детал Азиз стол | D4: Qaysi mijoz uchun olinganini aniqlang — aks holda buyurtma foydasi noto'g'ri chiqadi.
A5: 🟠 | B5: #17 °°•• Gafurov Islom ••°°: Furnitura buyurtmasiz | C5: 08.10.2026 · 40 000 so'm · Ручка 4та Акбар офият | D5: Qaysi mijoz uchun olinganini aniqlang — aks holda buyurtma foydasi noto'g'ri chiqadi.
A6: 🟠 | B6: #26 °°•• Gafurov Islom ••°°: Furnitura buyurtmasiz | C6: 09.10.2026 · 241 000 so'm · полка держ Акбар | D6: Qaysi mijoz uchun olinganini aniqlang — aks holda buyurtma foydasi noto'g'ri chiqadi.
A7: 🟠 | B7: °°•• Gafurov Islom ••°°: bir xil yozuv 2 marta | C7: 07.10.2026 · 80 000 so'm · Ovqat · #12, #15 | D7: Ikki marta kiritilgan bo'lsa, ortiqchasini o'chiring (/ochir raqam).
A8: 🟠 | B8: °°•• Gafurov Islom ••°°: bir xil yozuv 3 marta | C8: 09.10.2026 · 35 000 so'm · Ovqat · #20, #21, #25 | D8: Ikki marta kiritilgan bo'lsa, ortiqchasini o'chiring (/ochir raqam).
A9: 🟠 | B9: °°•• Gafurov Islom ••°°: bir xil yozuv 14 marta | C9: 10.10.2026 · 20 000 so'm · Ойлик (ish haqi) · #40, #41, #42, #43, #44, #46, #47, #48, #49, #50, #51, #52, #53, #54 | D9: Ikki marta kiritilgan bo'lsa, ortiqchasini o'chiring (/ochir raqam).
A10: 🟠 | B10: Umid Yusupov: bir xil yozuv 5 marta | C10: 11.10.2026 · 200 000 so'm · Ovqat · #60, #61, #66, #69, #87 | D10: Ikki marta kiritilgan bo'lsa, ortiqchasini o'chiring (/ochir raqam).
A11: 🟠 | B11: Umid Yusupov: bir xil yozuv 17 marta | C11: 11.10.2026 · 80 000 so'm · Ovqat · #62, #64, #68, #71, #77, #78, #79, #82, #85, #89, #91, #92, #93, #97, #98, #102, #103 | D11: Ikki marta kiritilgan bo'lsa, ortiqchasini o'chiring (/ochir raqam).
A12: 🟠 | B12: Umid Yusupov: bir xil yozuv 5 marta | C12: 11.10.2026 · 120 000 so'm · Ovqat · #65, #72, #80, #94, #95 | D12: Ikki marta kiritilgan bo'lsa, ortiqchasini o'chiring (/ochir raqam).
A13: 🟠 | B13: Umid Yusupov: bir xil yozuv 4 marta | C13: 11.10.2026 · 160 000 so'm · Ovqat · #75, #84, #86, #101 | D13: Ikki marta kiritilgan bo'lsa, ortiqchasini o'chiring (/ochir raqam).
A14: 🟠 | B14: Umid Yusupov: bir xil yozuv 4 marta | C14: 11.10.2026 · 40 000 so'm · Ovqat · #99, #100, #104, #105 | D14: Ikki marta kiritilgan bo'lsa, ortiqchasini o'chiring (/ochir raqam).
... A28: 🟠 | B28: Umid Yusupov: bir xil yozuv 2 marta | C28: 18.10.2026 · 160 000 so'm · Ovqat · #310, #313 | D28: Ikki marta kiritilgan bo'lsa, ortiqchasini o'chiring (/ochir raqam).

Sheet Mijoz fikrlari
A1: Buyurtma ID | B1: Mijoz | C1: Telefon | D1: Готов sanasi | E1: So'ralgan sana | F1: Holat | G1: Olingan sana | H1: Kim oldi | I1: Fikr (izoh) | J1: Skrinshot
A2: 383 | B2: Хуршид | C2: +998936211024 | D2: 46315 | E2: 46318 | F2: ⏳ Kutilmoqda
A3: 395 | B3: БЕКЗОД | C3: +998909476113 | D3: 46317 | E3: 46320 | F3: ⏳ Kutilmoqda
A4: 403 | B4: Ezoza opa | C4: +998770780027 | D4: 46318 | E4: 46321 | F4: ⏳ Kutilmoqda
A5: 397 | B5: XAMID AKA | C5: +998909774414 | D5: 46319 | E5: 46322 | F5: ⏳ Kutilmoqda
A6: 404 | B6: ФЕРУЗА ОПА | C6: +998935777233 | D6: 46319 | E6: 46322 | F6: ⏳ Kutilmoqda

Sheet Bonuslar
A1: Готов sanasi | B1: Buyurtma ID | C1: Mijoz | D1: Umumiy summa | E1: Valyuta | F1: Qoldiq (hozir) | G1: Pul olingan sana | H1: Kun | I1: Foiz | J1: Bonus (so'm) | K1: Holat | L1: Izoh | M1: Kimga
A2: 46311 | B2: 398 | C2: СОХИБА | D2: 3150 | E2: USD | F2: 0 | G2: 46314 | H2: 3 | I2: 0.005 | J2: 189880 | K2: ✅ Olindi | L2: Yopdi: Umid Yusupov | M2: Umid Yusupov
A3: 46313 | B3: 388 | C3: КОМИЛ | D3: 13747 | E3: USD | F3: 0 | G3: 46314 | H3: 1 | I3: 0.005 | J3: 828662 | K3: ✅ Olindi | L3: Yopdi: Umid Yusupov | M3: Umid Yusupov
A4: 46315 | B4: 383 | C4: Хуршид | D4: 22615 | E4: USD | F4: 0 | G4: 46316 | H4: 1 | I4: 0.005 | J4: 1358291 | K4: ✅ Olindi | L4: To'liq oldi: Umid Yusupov · 7 125$ | M4: Umid Yusupov
A5: 46317 | B5: 395 | C5: БЕКЗОД | D5: 12103 | E5: USD | F5: 0 | G5: 46318 | H5: 1 | I5: 0.005 | J5: 720129 | K5: ✅ Olindi | L5: To'liq oldi: Umid Yusupov · 2 603$ | M5: Umid Yusupov
A6: 46318 | B6: 403 | C6: Ezoza opa | D6: 3390 | E6: USD | F6: 0 | G6: 46318 | H6: 0 | I6: 0.005 | J6: 201705 | K6: ✅ Olindi | L6: To'liq oldi: Umid Yusupov · 1 390$ | M6: Umid Yusupov
A7: 46319 | B7: 404 | C7: ФЕРУЗА ОПА | D7: 1380 | E7: USD | F7: 0 | G7: 46319 | H7: 0 | I7: 0.005 | J7: 82110 | K7: ✅ Olindi | L7: To'liq oldi: Umid Yusupov · 372$ | M7: Umid Yusupov
A8: 46319 | B8: 397 | C8: XAMID AKA | D8: 7020 | E8: USD | F8: 0 | G8: 46319 | H8: 0 | I8: 0.005 | J8: 417690 | K8: ✅ Olindi | L8: To'liq oldi: Umid Yusupov · 2 020$ | M8: Umid Yusupov

Sheet Xodimlar
A1: Telegram ID | B1: Ism | C1: Username | D1: Rol | E1: Qo'shilgan
A2: 443142649 | B2: МирМуxаммад Файзуллаев | C2: Fayzullife_771 | D2: admin | E2: 46301.61
A3: 254366051 | B3: °°•• Gafurov Islom ••°° | C3: Islom_Gafurov | D3: xodim | E3: 46301.613
A4: 6156487883 | B4: Umid Yusupov | C4: Umid_SerMebel | D4: xodim | E4: 46301.678
A5: 5578698344 | B5: Maftuna Turgʻunboyeva | C5: Maftuna_Sermebel | D5: xodim | E5: 46314.771
A6: 1019834709 | B6: NAFISA | C6: NAFISA_SerMebel | D6: xodim | E6: 46314.774
A7: 5701024811 | B7: Nafisa | C7: Ser_mebel | D7: blocked | E7: 46317.513
A8: 51086018 | B8: Murod Abduqodirov | C8: MurodAbduqodirov | D8: blocked | E8: 46319.488

Sheet Oylik hisob
A1: Xodim ID | B1: Xodim | C1: Oy | D1: Topshirildi | E1: Qoldiq | F1: Izoh

Sheet Sozlamalar
A1: Kalit | B1: Qiymat | C1: Izoh
A2: ADMIN_IDS | B2: 443142649 | C2: Rahbar(lar) Telegram ID si, vergul bilan. Bo'sh qolsa — botga birinchi /start yozgan odam rahbar bo'ladi
A3: CHANNEL_ID | C3: SerMebel-finance kanali: @username yoki -100... (bot kanalda ADMIN bo'lishi shart). Bo'sh — kanalga yozilmaydi
A4: ESLATMA_SOAT | B4: 19 | C4: Xodimlarga kunlik eslatma soati (Toshkent)
A5: RAHBAR_HISOBOT_SOAT | B5: 21 | C5: Rahbarga kunlik hisobot soati
A6: OY_OXIRI_KUN | B6: 3 | C6: Oy tugashiga necha kun qolganda hisob topshirish eslatmasi
A7: KATTA_SUMMA | B7: 1000000 | C7: Bundan katta chiqimga chek rasmi talab qilinadi (so'm)
A8: OGOHLANTIRISH_FOIZ | B8: 80 | C8: Buyurtma byudjetining necha % sarflansa ogohlantirish
A9: USD_KURS | B9: 11900 | C9: Bo'sh — Markaziy bank kursi avtomatik olinadi. Raqam yozsangiz — shu kurs ishlatiladi
A10: WEBAPP_URL | B10: https://script.google.com/macros/s/AKfycbxn9SvV0pg0vxuf1NEKUpsSWXOUdERBaqQZosy5SHOOe66yeURc0wom3cH2oBvrN2mX/exec | C10: Veb-ilova manzili (2-qadamda avtomatik yoziladi)
A11: HISOB_SHABLON_ID | B11: 1cmhcuFP_OUgkbNTJpHX-fSrjMSik-5KRHrORsbC83Y0
A12: HISOB_FON_ID | B12: 1UJXpEyJWyx8zVybuZXBpUAiYeEgfKL3l
A13: SAYT_KIRITUVCHI | B13: 5578698344
A14: FIKR_XODIM | B14: 1019834709

Sheet Davomat
A1: Sana | B1: Hafta kuni | C1: Filial (guruh) | D1: Xodim | E1: Username | F1: Holat | G1: Kelgan vaqti | H1: Kechikish (daq) | I1: Kechikish sababi | J1: Izoh | K1: Aytgan vaqti | L1: Forma | M1: Telegram ID | N1: Ketgan vaqti | O1: Erta ketish (daq) | P1: Erta ketish sababi | Q1: Ish vaqti | R1: Ball | T1: Oylik reyting: oktabr 2026
A2: 2026-10-22 | B2: Payshanba | C2: Офис Отчёт келиш кетиш | D2: Doston Dilmurodjonov | E2: @Doston_SermMebel | F2: Kech qoldi | G2: 09:35 | H2: 35 | I2: Sababli | J2: kecha soat 23:00 da ketdim ishdan 4soat kech kettim | L2: Ha | M2: 6822517742 | N2: 22:22 | Q2: 09:00–19:00 | R2: 7 | T2: O'rin | U2: Xodim | V2: Ball | W2: Ish kunlari | X2: Vaqtida | Y2: Kech qoldi | Z2: Jami kechikish (daq) | AA2: Kelmadi | AB2: Sababli kelmadi | AC2: Erta ketdi | AD2: Intizom % | AE2: Qo'shimcha ball
A3: 2026-10-22 | B3: Payshanba | C3: Офис Отчёт келиш кетиш | D3: Izzatilla Abdazimov | E3: @Izzatilla_SerMebel | F3: Vaqtida | G3: 08:50 | L3: Ha | M3: 6848257959 | N3: 19:21 | Q3: 09:00–19:00 | R3: 19 | T3: 1 | U3: Doston Dilmurodjonov | V3: 68 | W3: 5 | X3: 4 | Y3: 1 | Z3: 35 | AA3: 0 | AB3: 0 | AC3: 0 | AD3: 80 | AE3: 0
A4: 2026-10-22 | B4: Payshanba | C4: Офис Отчёт келиш кетиш | D4: Maftuna Turgʻunboyeva | E4: @Maftuna_Sermebel | F4: Dam kuni | J4: tasdiqlangan dam | M4: 5578698344 | Q4: 10:00–19:00 | T4: 2 | U4: Izzatilla Abdazimov | V4: 59 | W4: 5 | X4: 3 | Y4: 2 | Z4: 157 | AA4: 0 | AB4: 0 | AC4: 0 | AD4: 60 | AE4: 0
A5: 2026-10-22 | B5: Payshanba | C5: Офис Отчёт келиш кетиш | D5: NAFISA | E5: @NAFISA_SerMebel | F5: Kelish qayd etilmagan | M5: 1019834709 | N5: 16:32 | Q5: 09:00–18:00 | R5: -5 | T5: 3 | U5: Umid Yusupov | V5: 21 | W5: 6 | X5: 2 | Y5: 3 | Z5: 180 | AA5: 1 | AB5: 0 | AC5: 0 | AD5: 33 | AE5: 0
A6: 2026-10-22 | B6: Payshanba | C6: Офис Отчёт келиш кетиш | D6: Umid Yusupov | E6: @Umid_SerMebel | F6: Kelmadi | M6: 6156487883 | Q6: 09:00–19:00 | R6: -15 | T6: 4 | U6: Maftuna Turgʻunboyeva | V6: 12 | W6: 5 | X6: 2 | Y6: 2 | Z6: 44 | AA6: 1 | AB6: 0 | AC6: 0 | AD6: 40 | AE6: 0
A7: 2026-10-22 | B7: Payshanba | C7: Офис Отчёт келиш кетиш | D7: Nafisa | E7: @Ser_mebel | F7: Vaqtida | G7: 09:08 | M7: 5701024811 | Q7: 09:00–18:00 | R7: 8 | T7: 5 | U7: Nafisa | V7: 8 | W7: 1 | X7: 1 | Y7: 0 | Z7: 0 | AA7: 0 | AB7: 0 | AC7: 0 | AD7: 100 | AE7: 0
A8: 2026-10-23 | B8: Juma | C8: Офис Отчёт келиш кетиш | D8: Doston Dilmurodjonov | E8: @Doston_SermMebel | F8: Vaqtida | G8: 08:56 | L8: Ha | M8: 6822517742 | N8: 20:03 | Q8: 09:00–19:00 | R8: 17 | T8: 6 | U8: 001_eee | V8: 5 | W8: 2 | X8: 1 | Y8: 0 | Z8: 0 | AA8: 0 | AB8: 0 | AC8: 0 | AD8: 50 | AE8: 0
A9: 2026-10-23 | B9: Juma | C9: Офис Отчёт келиш кетиш | D9: Izzatilla Abdazimov | E9: @Izzatilla_SerMebel | F9: Vaqtida | G9: 08:49 | L9: Ha | M9: 6848257959 | N9: 20:23 | Q9: 09:00–19:00 | R9: 19 | T9: 7 | U9: NAFISA | V9: -9 | W9: 6 | X9: 2 | Y9: 2 | Z9: 78 | AA9: 1 | AB9: 0 | AC9: 3 | AD9: 33 | AE9: 0
A10: 2026-10-23 | B10: Juma | C10: Офис Отчёт келиш кетиш | D10: Maftuna Turgʻunboyeva | E10: @Maftuna_Sermebel | F10: Vaqtida | G10: 10:11 | M10: 5578698344 | N10: 19:24 | Q10: 10:00–19:00 | R10: 15
A11: 2026-10-23 | B11: Juma | C11: Офис Отчёт келиш кетиш | D11: NAFISA | E11: @NAFISA_SerMebel | F11: Vaqtida | G11: 09:04 | L11: Ha | M11: 1019834709 | N11: 16:34 | O11: 86 | P11: Sababsiz | Q11: 09:00–18:00 | R11: 7
A12: 2026-10-23 | B12: Juma | C12: Офис Отчёт келиш кетиш | D12: Umid Yusupov | E12: @Umid_SerMebel | F12: Kech qoldi | G12: 09:39 | H12: 39 | I12: Sababsiz | J12: ➖ Chiqim | M12: 6156487883 | N12: 20:02 | Q12: 09:00–19:00 | R12: 0
A13: 2026-10-24 | B13: Shanba | C13: Офис Отчёт келиш кетиш | D13: Doston Dilmurodjonov | E13: @Doston_SermMebel | F13: Vaqtida | G13: 08:59 | M13: 6822517742 | N13: 20:00 | Q13: 09:00–19:00 | R13: 15
A14: 2026-10-24 | B14: Shanba | C14: Офис Отчёт келиш кетиш | D14: Izzatilla Abdazimov | E14: @Izzatilla_SerMebel | F14: Dam kuni | J14: tasdiqlangan dam | M14: 6848257959 | Q14: 09:00–19:00
A15: 2026-10-24 | B15: Shanba | C15: Офис Отчёт келиш кетиш | D15: Maftuna Turgʻunboyeva | E15: @Maftuna_Sermebel | F15: Kelmadi | M15: 5578698344 | Q15: 10:00–19:00 | R15: -15
A16: 2026-10-24 | B16: Shanba | C16: Офис Отчёт келиш кетиш | D16: NAFISA | E16: @NAFISA_SerMebel | F16: Kech qoldi | G16: 09:19 | H16: 19 | I16: Sababli | J16: 📋 Vazifalarim | L16: Ha | M16: 1019834709 | N16: 16:48 | O16: 72 | P16: Sababsiz | Q16: 09:00–18:00 | R16: -3
A17: 2026-10-24 | B17: Shanba | C17: Офис Отчёт келиш кетиш | D17: Umid Yusupov | E17: @Umid_SerMebel | F17: Vaqtida | G17: 09:11 | L17: Ha | M17: 6156487883 | N17: 20:01 | Q17: 09:00–19:00 | R17: 17
A18: 2026-10-25 | B18: Yakshanba | C18: Офис Отчёт келиш кетиш | D18: Doston Dilmurodjonov | E18: @Doston_SermMebel | F18: Dam kuni | J18: tasdiqlangan dam | M18: 6822517742 | Q18: 09:00–19:00
A19: 2026-10-25 | B19: Yakshanba | C19: Офис Отчёт келиш кетиш | D19: Izzatilla Abdazimov | E19: @Izzatilla_SerMebel | F19: Kech qoldi | G19: 10:09 | H19: 69 | I19: Sababli | J19: asalom alekum yaxshimisiz MirMuhammad aka 11:30da bita joyga otib kesam boladimi ogaynmi adasi otib qopti peshinga chiqarisharkan ushanga kechro keldm oldiga otib keldim peshinga diyishudi ishga otib kelaman dip keludim | L19: Ha | M19: 6848257959 | N19: 22:20 | Q19: 09:00–19:00 | R19: 7
A20: 2026-10-25 | B20: Yakshanba | C20: Офис Отчёт келиш кетиш | D20: Maftuna Turgʻunboyeva | E20: @Maftuna_Sermebel | F20: Vaqtida | G20: 10:14 | L20: Ha | M20: 5578698344 | N20: 19:01 | Q20: 10:00–19:00 | R20: 17
A21: 2026-10-25 | B21: Yakshanba | C21: Офис Отчёт келиш кетиш | D21: NAFISA | E21: @NAFISA_SerMebel | F21: Kelmadi | M21: 1019834709 | Q21: 09:00–18:00 | R21: -15
A22: 2026-10-25 | B22: Yakshanba | C22: Офис Отчёт келиш кетиш | D22: Umid Yusupov | E22: @Umid_SerMebel | F22: Kech qoldi | G22: 11:02 | H22: 122 | M22: 6156487883 | N22: 20:47 | Q22: 09:00–19:00 | R22: 0
A23: 2026-10-26 | B23: Dushanba | C23: Офис Отчёт келиш кетиш | D23: 001_eee | E23: @erdanov_eee | F23: Kelish qayd etilmagan | M23: 7606317262 | N23: 20:24 | Q23: 09:00–18:00 | R23: -5
A24: 2026-10-26 | B24: Dushanba | C24: Офис Отчёт келиш кетиш | D24: Doston Dilmurodjonov | E24: @Doston_SermMebel | F24: Vaqtida | G24: 09:13 | L24: Ha | M24: 6822517742 | N24: 20:24 | Q24: 09:00–19:00 | R24: 17
A25: 2026-10-26 | B25: Dushanba | C25: Офис Отчёт келиш кетиш | D25: Izzatilla Abdazimov | E25: @Izzatilla_SerMebel | F25: Kech qoldi | G25: 10:28 | H25: 88 | I25: Sababsiz | J25: potahadan kevoman | L25: Ha | M25: 6848257959 | N25: 19:34 | Q25: 09:00–19:00 | R25: 2
A26: 2026-10-26 | B26: Dushanba | C26: Офис Отчёт келиш кетиш | D26: Maftuna Turgʻunboyeva | E26: @Maftuna_Sermebel | F26: Kech qoldi | G26: 10:21 | H26: 21 | M26: 5578698344 | N26: 19:14 | Q26: 10:00–19:00 | R26: 0
A27: 2026-10-26 | B27: Dushanba | C27: Офис Отчёт келиш кетиш | D27: NAFISA | E27: @NAFISA_SerMebel | F27: Kech qoldi | G27: 09:59 | H27: 59 | I27: Sababli | M27: 1019834709 | N27: 16:39 | O27: 81 | P27: Sababsiz | Q27: 09:00–18:00 | R27: -5
A28: 2026-10-26 | B28: Dushanba | C28: Офис Отчёт келиш кетиш | D28: Umid Yusupov | E28: @Umid_SerMebel | F28: Vaqtida | G28: 09:11 | L28: Ha | M28: 6156487883 | N28: 20:24 | Q28: 09:00–19:00 | R28: 17
A29: 2026-10-27 | B29: Seshanba | C29: Офис Отчёт келиш кетиш | D29: 001_eee | E29: @erdanov_eee | F29: Vaqtida | G29: 09:02 | M29: 7606317262 | Q29: 09:00–18:00 | R29: 10
A30: 2026-10-27 | B30: Seshanba | C30: Офис Отчёт келиш кетиш | D30: Doston Dilmurodjonov | E30: @Doston_SermMebel | F30: Vaqtida | G30: 09:02 | L30: Ha | M30: 6822517742 | Q30: 09:00–19:00 | R30: 12
A31: 2026-10-27 | B31: Seshanba | C31: Офис Отчёт келиш кетиш | D31: Izzatilla Abdazimov | E31: @Izzatilla_SerMebel | F31: Vaqtida | G31: 08:51 | L31: Ha | M31: 6848257959 | Q31: 09:00–19:00 | R31: 12
A32: 2026-10-27 | B32: Seshanba | C32: Офис Отчёт келиш кетиш | D32: Maftuna Turgʻunboyeva | E32: @Maftuna_Sermebel | F32: Kech qoldi | G32: 10:23 | H32: 23 | M32: 5578698344 | Q32: 10:00–19:00 | R32: -5
A33: 2026-10-27 | B33: Seshanba | C33: Офис Отчёт келиш кетиш | D33: NAFISA | E33: @NAFISA_SerMebel | F33: Vaqtida | G33: 09:01 | L33: Ha | M33: 1019834709 | Q33: 09:00–18:00 | R33: 12
A34: 2026-10-27 | B34: Seshanba | C34: Офис Отчёт келиш кетиш | D34: Umid Yusupov | E34: @Umid_SerMebel | F34: Kech qoldi | G34: 09:19 | H34: 19 | I34: Sababli | J34: Йоллвр тирбанд экан ☺️ | L34: Ha | M34: 6156487883 | Q34: 09:00–19:00 | R34: 2

Sheet Shaxsiy va uy
A1: 👔 Shaxsiy va 🏠 Uy uchun xarajatlar — ishxona puliga qo'shilmaydi
A3: 📅 Davr: | B3: 46296 | C3: gacha: | D3: 46326 | E3: ← ikkala sanani ham ikki marta bosing — kalendar ochiladi
A5: 👔 Shaxsiy (tanlangan davr) | C5: 🏠 Uy uchun (tanlangan davr) | E5: Jami (tanlangan davr) | G5: Jami (hamma vaqt)
A6: =SUMIFS(Amallar!G:G,Amallar!K:K,"rahbarga",Amallar!F:F,"Chiqim",Amallar!Q:Q,"<>Ha",Amallar!B:B,">="&$B$3,Amallar!B:B,"<="&$D$3) -> 21893470 | C6: =SUMIFS(Amallar!G:G,Amallar!K:K,"uy",Amallar!F:F,"Chiqim",Amallar!Q:Q,"<>Ha",Amallar!B:B,">="&$B$3,Amallar!B:B,"<="&$D$3) -> 18866170 | E6: =A6+C6 -> 40759640 | G6: =SUMIFS(Amallar!G:G,Amallar!K:K,"rahbarga",Amallar!F:F,"Chiqim",Amallar!Q:Q,"<>Ha")+SUMIFS(Amallar!G:G,Amallar!K:K,"uy",Amallar!F:F,"Chiqim",Amallar!Q:Q,"<>Ha") -> 40759640
A8: 📆 Oylar bo'yicha | F8: 📋 Shu oydagi barcha yozuvlar (yangisi tepada)
A9: Oy | B9: 👔 Shaxsiy | C9: 🏠 Uy uchun | D9: Jami | F9: Sana | G9: Vaqt | H9: Turi | I9: Summa (so'm) | J9: Kim to'ladi | K9: Izoh
A10: =EDATE($B$3,-11) -> 45962 | B10: =SUMIFS(Amallar!G:G,Amallar!K:K,"rahbarga",Amallar!F:F,"Chiqim",Amallar!Q:Q,"<>Ha",Amallar!B:B,">="&$A10,Amallar!B:B,"<="&EOMONTH($A10,0)) -> 0 | C10: =SUMIFS(Amallar!G:G,Amallar!K:K,"uy",Amallar!F:F,"Chiqim",Amallar!Q:Q,"<>Ha",Amallar!B:B,">="&$A10,Amallar!B:B,"<="&EOMONTH($A10,0)) -> 0 | D10: =B10+C10 -> 0 | F10: =IFERROR(__xludf.DUMMYFUNCTION("IFERROR(ARRAYFORMULA(SORT(FILTER({Amallar!B2:B600,Amallar!C2:C600,IF(Amallar!K2:K600=""uy"",""🏠 Uy uchun"",""👔 Shaxsiy""),Amallar!G2:G600,Amallar!E2:E600,Amallar!N2:N600},((Amallar!K2:K600=""rahbarga"")+(Amallar!K2:K600=""uy""))>0,Amallar!F2:F600=""Chiq"&"im"",Amallar!Q2:Q600<>""Ha"",Amallar!B2:B600>=$B$3,Amallar!B2:B600<=$D$3),1,FALSE,2,FALSE)),""— bu oyda yozuv yo'q"")"),46322.0) -> 46322 | G10: =IFERROR(__xludf.DUMMYFUNCTION("""COMPUTED_VALUE"""),0.5881944444444445) -> 0.58819444 | H10: =IFERROR(__xludf.DUMMYFUNCTION("""COMPUTED_VALUE"""),"🏠 Uy uchun") -> 🏠 Uy uchun | I10: =IFERROR(__xludf.DUMMYFUNCTION("""COMPUTED_VALUE"""),3570000.0) -> 3570000 | J10: =IFERROR(__xludf.DUMMYFUNCTION("""COMPUTED_VALUE"""),"МирМуxаммад Файзуллаев") -> МирМуxаммад Файзуллаев | K10: =IFERROR(__xludf.DUMMYFUNCTION("""COMPUTED_VALUE"""),"uy uchun adamga") -> uy uchun adamga
A11: =EDATE($B$3,-10) -> 45992 | B11: =SUMIFS(Amallar!G:G,Amallar!K:K,"rahbarga",Amallar!F:F,"Chiqim",Amallar!Q:Q,"<>Ha",Amallar!B:B,">="&$A11,Amallar!B:B,"<="&EOMONTH($A11,0)) -> 0 | C11: =SUMIFS(Amallar!G:G,Amallar!K:K,"uy",Amallar!F:F,"Chiqim",Amallar!Q:Q,"<>Ha",Amallar!B:B,">="&$A11,Amallar!B:B,"<="&EOMONTH($A11,0)) -> 0 | D11: =B11+C11 -> 0 | F11: =IFERROR(__xludf.DUMMYFUNCTION("""COMPUTED_VALUE"""),46321.0) -> 46321 | G11: =IFERROR(__xludf.DUMMYFUNCTION("""COMPUTED_VALUE"""),0.8680555555555556) -> 0.86805556 | H11: =IFERROR(__xludf.DUMMYFUNCTION("""COMPUTED_VALUE"""),"🏠 Uy uchun") -> 🏠 Uy uchun | I11: =IFERROR(__xludf.DUMMYFUNCTION("""COMPUTED_VALUE"""),70000.0) -> 70000 | J11: =IFERROR(__xludf.DUMMYFUNCTION("""COMPUTED_VALUE"""),"МирМуxаммад Файзуллаев") -> МирМуxаммад Файзуллаев | K11: =IFERROR(__xludf.DUMMYFUNCTION("""COMPUTED_VALUE"""),"uy uchun") -> uy uchun
A12: =EDATE($B$3,-9) -> 46023 | B12: =SUMIFS(Amallar!G:G,Amallar!K:K,"rahbarga",Amallar!F:F,"Chiqim",Amallar!Q:Q,"<>Ha",Amallar!B:B,">="&$A12,Amallar!B:B,"<="&EOMONTH($A12,0)) -> 0 | C12: =SUMIFS(Amallar!G:G,Amallar!K:K,"uy",Amallar!F:F,"Chiqim",Amallar!Q:Q,"<>Ha",Amallar!B:B,">="&$A12,Amallar!B:B,"<="&EOMONTH($A12,0)) -> 0 | D12: =B12+C12 -> 0 | F12: =IFERROR(__xludf.DUMMYFUNCTION("""COMPUTED_VALUE"""),46321.0) -> 46321 | G12: =IFERROR(__xludf.DUMMYFUNCTION("""COMPUTED_VALUE"""),0.6979166666666666) -> 0.69791667 | H12: =IFERROR(__xludf.DUMMYFUNCTION("""COMPUTED_VALUE"""),"👔 Shaxsiy") -> 👔 Shaxsiy | I12: =IFERROR(__xludf.DUMMYFUNCTION("""COMPUTED_VALUE"""),800000.0) -> 800000 | J12: =IFERROR(__xludf.DUMMYFUNCTION("""COMPUTED_VALUE"""),"МирМуxаммад Файзуллаев") -> МирМуxаммад Файзуллаев | K12: =IFERROR(__xludf.DUMMYFUNCTION("""COMPUTED_VALUE"""),"shaxsiy xayriya") -> shaxsiy xayriya
A13: =EDATE($B$3,-8) -> 46054 | B13: =SUMIFS(Amallar!G:G,Amallar!K:K,"rahbarga",Amallar!F:F,"Chiqim",Amallar!Q:Q,"<>Ha",Amallar!B:B,">="&$A13,Amallar!B:B,"<="&EOMONTH($A13,0)) -> 0 | C13: =SUMIFS(Amallar!G:G,Amallar!K:K,"uy",Amallar!F:F,"Chiqim",Amallar!Q:Q,"<>Ha",Amallar!B:B,">="&$A13,Amallar!B:B,"<="&EOMONTH($A13,0)) -> 0 | D13: =B13+C13 -> 0 | F13: =IFERROR(__xludf.DUMMYFUNCTION("""COMPUTED_VALUE"""),46321.0) -> 46321 | G13: =IFERROR(__xludf.DUMMYFUNCTION("""COMPUTED_VALUE"""),0.68125) -> 0.68125 | H13: =IFERROR(__xludf.DUMMYFUNCTION("""COMPUTED_VALUE"""),"👔 Shaxsiy") -> 👔 Shaxsiy | I13: =IFERROR(__xludf.DUMMYFUNCTION("""COMPUTED_VALUE"""),45000.0) -> 45000 | J13: =IFERROR(__xludf.DUMMYFUNCTION("""COMPUTED_VALUE"""),"МирМуxаммад Файзуллаев") -> МирМуxаммад Файзуллаев | K13: =IFERROR(__xludf.DUMMYFUNCTION("""COMPUTED_VALUE"""),"shaxsiy obed") -> shaxsiy obed
A14: =EDATE($B$3,-7) -> 46082 | B14: =SUMIFS(Amallar!G:G,Amallar!K:K,"rahbarga",Amallar!F:F,"Chiqim",Amallar!Q:Q,"<>Ha",Amallar!B:B,">="&$A14,Amallar!B:B,"<="&EOMONTH($A14,0)) -> 0 | C14: =SUMIFS(Amallar!G:G,Amallar!K:K,"uy",Amallar!F:F,"Chiqim",Amallar!Q:Q,"<>Ha",Amallar!B:B,">="&$A14,Amallar!B:B,"<="&EOMONTH($A14,0)) -> 0 | D14: =B14+C14 -> 0 | F14: =IFERROR(__xludf.DUMMYFUNCTION("""COMPUTED_VALUE"""),46320.0) -> 46320 | G14: =IFERROR(__xludf.DUMMYFUNCTION("""COMPUTED_VALUE"""),0.8479166666666667) -> 0.84791667 | H14: =IFERROR(__xludf.DUMMYFUNCTION("""COMPUTED_VALUE"""),"👔 Shaxsiy") -> 👔 Shaxsiy | I14: =IFERROR(__xludf.DUMMYFUNCTION("""COMPUTED_VALUE"""),250000.0) -> 250000 | J14: =IFERROR(__xludf.DUMMYFUNCTION("""COMPUTED_VALUE"""),"МирМуxаммад Файзуллаев") -> МирМуxаммад Файзуллаев | K14: =IFERROR(__xludf.DUMMYFUNCTION("""COMPUTED_VALUE"""),"shaxsiy fudboll") -> shaxsiy fudboll
A15: =EDATE($B$3,-6) -> 46113 | B15: =SUMIFS(Amallar!G:G,Amallar!K:K,"rahbarga",Amallar!F:F,"Chiqim",Amallar!Q:Q,"<>Ha",Amallar!B:B,">="&$A15,Amallar!B:B,"<="&EOMONTH($A15,0)) -> 0 | C15: =SUMIFS(Amallar!G:G,Amallar!K:K,"uy",Amallar!F:F,"Chiqim",Amallar!Q:Q,"<>Ha",Amallar!B:B,">="&$A15,Amallar!B:B,"<="&EOMONTH($A15,0)) -> 0 | D15: =B15+C15 -> 0 | F15: =IFERROR(__xludf.DUMMYFUNCTION("""COMPUTED_VALUE"""),46320.0) -> 46320 | G15: =IFERROR(__xludf.DUMMYFUNCTION("""COMPUTED_VALUE"""),0.7673611111111112) -> 0.76736111 | H15: =IFERROR(__xludf.DUMMYFUNCTION("""COMPUTED_VALUE"""),"🏠 Uy uchun") -> 🏠 Uy uchun | I15: =IFERROR(__xludf.DUMMYFUNCTION("""COMPUTED_VALUE"""),1350000.0) -> 1350000 | J15: =IFERROR(__xludf.DUMMYFUNCTION("""COMPUTED_VALUE"""),"МирМуxаммад Файзуллаев") -> МирМуxаммад Файзуллаев | K15: =IFERROR(__xludf.DUMMYFUNCTION("""COMPUTED_VALUE"""),"uy uchun") -> uy uchun
A16: =EDATE($B$3,-5) -> 46143 | B16: =SUMIFS(Amallar!G:G,Amallar!K:K,"rahbarga",Amallar!F:F,"Chiqim",Amallar!Q:Q,"<>Ha",Amallar!B:B,">="&$A16,Amallar!B:B,"<="&EOMONTH($A16,0)) -> 0 | C16: =SUMIFS(Amallar!G:G,Amallar!K:K,"uy",Amallar!F:F,"Chiqim",Amallar!Q:Q,"<>Ha",Amallar!B:B,">="&$A16,Amallar!B:B,"<="&EOMONTH($A16,0)) -> 0 | D16: =B16+C16 -> 0 | F16: =IFERROR(__xludf.DUMMYFUNCTION("""COMPUTED_VALUE"""),46320.0) -> 46320 | G16: =IFERROR(__xludf.DUMMYFUNCTION("""COMPUTED_VALUE"""),0.4173611111111111) -> 0.41736111 | H16: =IFERROR(__xludf.DUMMYFUNCTION("""COMPUTED_VALUE"""),"👔 Shaxsiy") -> 👔 Shaxsiy | I16: =IFERROR(__xludf.DUMMYFUNCTION("""COMPUTED_VALUE"""),45000.0) -> 45000 | J16: =IFERROR(__xludf.DUMMYFUNCTION("""COMPUTED_VALUE"""),"°°•• Gafurov Islom ••°°") -> °°•• Gafurov Islom ••°° | K16: =IFERROR(__xludf.DUMMYFUNCTION("""COMPUTED_VALUE"""),"Обед") -> Обед
A17: =EDATE($B$3,-4) -> 46174 | B17: =SUMIFS(Amallar!G:G,Amallar!K:K,"rahbarga",Amallar!F:F,"Chiqim",Amallar!Q:Q,"<>Ha",Amallar!B:B,">="&$A17,Amallar!B:B,"<="&EOMONTH($A17,0)) -> 0 | C17: =SUMIFS(Amallar!G:G,Amallar!K:K,"uy",Amallar!F:F,"Chiqim",Amallar!Q:Q,"<>Ha",Amallar!B:B,">="&$A17,Amallar!B:B,"<="&EOMONTH($A17,0)) -> 0 | D17: =B17+C17 -> 0 | F17: =IFERROR(__xludf.DUMMYFUNCTION("""COMPUTED_VALUE"""),46320.0) -> 46320 | G17: =IFERROR(__xludf.DUMMYFUNCTION("""COMPUTED_VALUE"""),0.38263888888888886) -> 0.38263889 | H17: =IFERROR(__xludf.DUMMYFUNCTION("""COMPUTED_VALUE"""),"🏠 Uy uchun") -> 🏠 Uy uchun | I17: =IFERROR(__xludf.DUMMYFUNCTION("""COMPUTED_VALUE"""),100000.0) -> 100000 | J17: =IFERROR(__xludf.DUMMYFUNCTION("""COMPUTED_VALUE"""),"МирМуxаммад Файзуллаев") -> МирМуxаммад Файзуллаев | K17: =IFERROR(__xludf.DUMMYFUNCTION("""COMPUTED_VALUE"""),"uy uchun svet") -> uy uchun svet
A18: =EDATE($B$3,-3) -> 46204 | B18: =SUMIFS(Amallar!G:G,Amallar!K:K,"rahbarga",Amallar!F:F,"Chiqim",Amallar!Q:Q,"<>Ha",Amallar!B:B,">="&$A18,Amallar!B:B,"<="&EOMONTH($A18,0)) -> 0 | C18: =SUMIFS(Amallar!G:G,Amallar!K:K,"uy",Amallar!F:F,"Chiqim",Amallar!Q:Q,"<>Ha",Amallar!B:B,">="&$A18,Amallar!B:B,"<="&EOMONTH($A18,0)) -> 0 | D18: =B18+C18 -> 0 | F18: =IFERROR(__xludf.DUMMYFUNCTION("""COMPUTED_VALUE"""),46320.0) -> 46320 | G18: =IFERROR(__xludf.DUMMYFUNCTION("""COMPUTED_VALUE"""),0.0) -> 0 | H18: =IFERROR(__xludf.DUMMYFUNCTION("""COMPUTED_VALUE"""),"🏠 Uy uchun") -> 🏠 Uy uchun | I18: =IFERROR(__xludf.DUMMYFUNCTION("""COMPUTED_VALUE"""),140000.0) -> 140000 | J18: =IFERROR(__xludf.DUMMYFUNCTION("""COMPUTED_VALUE"""),"МирМуxаммад Файзуллаев") -> МирМуxаммад Файзуллаев | K18: =IFERROR(__xludf.DUMMYFUNCTION("""COMPUTED_VALUE"""),"uy uchun safia") -> uy uchun safia
A19: =EDATE($B$3,-2) -> 46235 | B19: =SUMIFS(Amallar!G:G,Amallar!K:K,"rahbarga",Amallar!F:F,"Chiqim",Amallar!Q:Q,"<>Ha",Amallar!B:B,">="&$A19,Amallar!B:B,"<="&EOMONTH($A19,0)) -> 0 | C19: =SUMIFS(Amallar!G:G,Amallar!K:K,"uy",Amallar!F:F,"Chiqim",Amallar!Q:Q,"<>Ha",Amallar!B:B,">="&$A19,Amallar!B:B,"<="&EOMONTH($A19,0)) -> 0 | D19: =B19+C19 -> 0 | F19: =IFERROR(__xludf.DUMMYFUNCTION("""COMPUTED_VALUE"""),46320.0) -> 46320 | G19: =IFERROR(__xludf.DUMMYFUNCTION("""COMPUTED_VALUE"""),0.0) -> 0 | H19: =IFERROR(__xludf.DUMMYFUNCTION("""COMPUTED_VALUE"""),"👔 Shaxsiy") -> 👔 Shaxsiy | I19: =IFERROR(__xludf.DUMMYFUNCTION("""COMPUTED_VALUE"""),100000.0) -> 100000 | J19: =IFERROR(__xludf.DUMMYFUNCTION("""COMPUTED_VALUE"""),"МирМуxаммад Файзуллаев") -> МирМуxаммад Файзуллаев | K19: =IFERROR(__xludf.DUMMYFUNCTION("""COMPUTED_VALUE"""),"shaxsiy ujin") -> shaxsiy ujin
A20: =EDATE($B$3,-1) -> 46266 | B20: =SUMIFS(Amallar!G:G,Amallar!K:K,"rahbarga",Amallar!F:F,"Chiqim",Amallar!Q:Q,"<>Ha",Amallar!B:B,">="&$A20,Amallar!B:B,"<="&EOMONTH($A20,0)) -> 0 | C20: =SUMIFS(Amallar!G:G,Amallar!K:K,"uy",Amallar!F:F,"Chiqim",Amallar!Q:Q,"<>Ha",Amallar!B:B,">="&$A20,Amallar!B:B,"<="&EOMONTH($A20,0)) -> 0 | D20: =B20+C20 -> 0 | F20: =IFERROR(__xludf.DUMMYFUNCTION("""COMPUTED_VALUE"""),46319.0) -> 46319 | G20: =IFERROR(__xludf.DUMMYFUNCTION("""COMPUTED_VALUE"""),0.7736111111111111) -> 0.77361111 | H20: =IFERROR(__xludf.DUMMYFUNCTION("""COMPUTED_VALUE"""),"🏠 Uy uchun") -> 🏠 Uy uchun | I20: =IFERROR(__xludf.DUMMYFUNCTION("""COMPUTED_VALUE"""),180000.0) -> 180000 | J20: =IFERROR(__xludf.DUMMYFUNCTION("""COMPUTED_VALUE"""),"МирМуxаммад Файзуллаев") -> МирМуxаммад Файзуллаев | K20: =IFERROR(__xludf.DUMMYFUNCTION("""COMPUTED_VALUE"""),"uy uchun suvga") -> uy uchun suvga
A21: =EDATE($B$3,0) -> 46296 | B21: =SUMIFS(Amallar!G:G,Amallar!K:K,"rahbarga",Amallar!F:F,"Chiqim",Amallar!Q:Q,"<>Ha",Amallar!B:B,">="&$A21,Amallar!B:B,"<="&EOMONTH($A21,0)) -> 21893470 | C21: =SUMIFS(Amallar!G:G,Amallar!K:K,"uy",Amallar!F:F,"Chiqim",Amallar!Q:Q,"<>Ha",Amallar!B:B,">="&$A21,Amallar!B:B,"<="&EOMONTH($A21,0)) -> 18866170 | D21: =B21+C21 -> 40759640 | F21: =IFERROR(__xludf.DUMMYFUNCTION("""COMPUTED_VALUE"""),46319.0) -> 46319 | G21: =IFERROR(__xludf.DUMMYFUNCTION("""COMPUTED_VALUE"""),0.5069444444444444) -> 0.50694444 | H21: =IFERROR(__xludf.DUMMYFUNCTION("""COMPUTED_VALUE"""),"🏠 Uy uchun") -> 🏠 Uy uchun | I21: =IFERROR(__xludf.DUMMYFUNCTION("""COMPUTED_VALUE"""),1963500.0) -> 1963500 | J21: =IFERROR(__xludf.DUMMYFUNCTION("""COMPUTED_VALUE"""),"МирМуxаммад Файзуллаев") -> МирМуxаммад Файзуллаев | K21: =IFERROR(__xludf.DUMMYFUNCTION("""COMPUTED_VALUE"""),"uy uchun farangizga") -> uy uchun farangizga
F22: =IFERROR(__xludf.DUMMYFUNCTION("""COMPUTED_VALUE"""),46318.0) -> 46318 | G22: =IFERROR(__xludf.DUMMYFUNCTION("""COMPUTED_VALUE"""),0.9534722222222223) -> 0.95347222 | H22: =IFERROR(__xludf.DUMMYFUNCTION("""COMPUTED_VALUE"""),"🏠 Uy uchun") -> 🏠 Uy uchun | I22: =IFERROR(__xludf.DUMMYFUNCTION("""COMPUTED_VALUE"""),180000.0) -> 180000 | J22: =IFERROR(__xludf.DUMMYFUNCTION("""COMPUTED_VALUE"""),"МирМуxаммад Файзуллаев") -> МирМуxаммад Файзуллаев | K22: =IFERROR(__xludf.DUMMYFUNCTION("""COMPUTED_VALUE"""),"uy uchun dori") -> uy uchun dori
F23: =IFERROR(__xludf.DUMMYFUNCTION("""COMPUTED_VALUE"""),46318.0) -> 46318 | G23: =IFERROR(__xludf.DUMMYFUNCTION("""COMPUTED_VALUE"""),0.6590277777777778) -> 0.65902778 | H23: =IFERROR(__xludf.DUMMYFUNCTION("""COMPUTED_VALUE"""),"🏠 Uy uchun") -> 🏠 Uy uchun | I23: =IFERROR(__xludf.DUMMYFUNCTION("""COMPUTED_VALUE"""),600000.0) -> 600000 | J23: =IFERROR(__xludf.DUMMYFUNCTION("""COMPUTED_VALUE"""),"МирМуxаммад Файзуллаев") -> МирМуxаммад Файзуллаев | K23: =IFERROR(__xludf.DUMMYFUNCTION("""COMPUTED_VALUE"""),"uy uchun adamga") -> uy uchun adamga
F24: =IFERROR(__xludf.DUMMYFUNCTION("""COMPUTED_VALUE"""),46318.0) -> 46318 | G24: =IFERROR(__xludf.DUMMYFUNCTION("""COMPUTED_VALUE"""),0.6590277777777778) -> 0.65902778 | H24: =IFERROR(__xludf.DUMMYFUNCTION("""COMPUTED_VALUE"""),"👔 Shaxsiy") -> 👔 Shaxsiy | I24: =IFERROR(__xludf.DUMMYFUNCTION("""COMPUTED_VALUE"""),50000.0) -> 50000 | J24: =IFERROR(__xludf.DUMMYFUNCTION("""COMPUTED_VALUE"""),"МирМуxаммад Файзуллаев") -> МирМуxаммад Файзуллаев | K24: =IFERROR(__xludf.DUMMYFUNCTION("""COMPUTED_VALUE"""),"shaxsiy obed") -> shaxsiy obed
F25: =IFERROR(__xludf.DUMMYFUNCTION("""COMPUTED_VALUE"""),46318.0) -> 46318 | G25: =IFERROR(__xludf.DUMMYFUNCTION("""COMPUTED_VALUE"""),0.48333333333333334) -> 0.48333333 | H25: =IFERROR(__xludf.DUMMYFUNCTION("""COMPUTED_VALUE"""),"🏠 Uy uchun") -> 🏠 Uy uchun | I25: =IFERROR(__xludf.DUMMYFUNCTION("""COMPUTED_VALUE"""),400000.0) -> 400000 | J25: =IFERROR(__xludf.DUMMYFUNCTION("""COMPUTED_VALUE"""),"МирМуxаммад Файзуллаев") -> МирМуxаммад Файзуллаев | K25: =IFERROR(__xludf.DUMMYFUNCTION("""COMPUTED_VALUE"""),"uy uchun dori") -> uy uchun dori
F26: =IFERROR(__xludf.DUMMYFUNCTION("""COMPUTED_VALUE"""),46317.0) -> 46317 | G26: =IFERROR(__xludf.DUMMYFUNCTION("""COMPUTED_VALUE"""),0.8493055555555555) -> 0.84930556 | H26: =IFERROR(__xludf.DUMMYFUNCTION("""COMPUTED_VALUE"""),"🏠 Uy uchun") -> 🏠 Uy uchun | I26: =IFERROR(__xludf.DUMMYFUNCTION("""COMPUTED_VALUE"""),380000.0) -> 380000 | J26: =IFERROR(__xludf.DUMMYFUNCTION("""COMPUTED_VALUE"""),"МирМуxаммад Файзуллаев") -> МирМуxаммад Файзуллаев | K26: =IFERROR(__xludf.DUMMYFUNCTION("""COMPUTED_VALUE"""),"uy uchun kasha") -> uy uchun kasha
F27: =IFERROR(__xludf.DUMMYFUNCTION("""COMPUTED_VALUE"""),46317.0) -> 46317 | G27: =IFERROR(__xludf.DUMMYFUNCTION("""COMPUTED_VALUE"""),0.7409722222222223) -> 0.74097222 | H27: =IFERROR(__xludf.DUMMYFUNCTION("""COMPUTED_VALUE"""),"👔 Shaxsiy") -> 👔 Shaxsiy | I27: =IFERROR(__xludf.DUMMYFUNCTION("""COMPUTED_VALUE"""),70000.0) -> 70000 | J27: =IFERROR(__xludf.DUMMYFUNCTION("""COMPUTED_VALUE"""),"МирМуxаммад Файзуллаев") -> МирМуxаммад Файзуллаев | K27: =IFERROR(__xludf.DUMMYFUNCTION("""COMPUTED_VALUE"""),"shaxsiy obed") -> shaxsiy obed
F28: =IFERROR(__xludf.DUMMYFUNCTION("""COMPUTED_VALUE"""),46316.0) -> 46316 | G28: =IFERROR(__xludf.DUMMYFUNCTION("""COMPUTED_VALUE"""),0.9208333333333333) -> 0.92083333 | H28: =IFERROR(__xludf.DUMMYFUNCTION("""COMPUTED_VALUE"""),"🏠 Uy uchun") -> 🏠 Uy uchun | I28: =IFERROR(__xludf.DUMMYFUNCTION("""COMPUTED_VALUE"""),140000.0) -> 140000 | J28: =IFERROR(__xludf.DUMMYFUNCTION("""COMPUTED_VALUE"""),"МирМуxаммад Файзуллаев") -> МирМуxаммад Файзуллаев | K28: =IFERROR(__xludf.DUMMYFUNCTION("""COMPUTED_VALUE"""),"uy uchun") -> uy uchun
F29: =IFERROR(__xludf.DUMMYFUNCTION("""COMPUTED_VALUE"""),46316.0) -> 46316 | G29: =IFERROR(__xludf.DUMMYFUNCTION("""COMPUTED_VALUE"""),0.7597222222222222) -> 0.75972222 | H29: =IFERROR(__xludf.DUMMYFUNCTION("""COMPUTED_VALUE"""),"👔 Shaxsiy") -> 👔 Shaxsiy | I29: =IFERROR(__xludf.DUMMYFUNCTION("""COMPUTED_VALUE"""),35000.0) -> 35000 | J29: =IFERROR(__xludf.DUMMYFUNCTION("""COMPUTED_VALUE"""),"°°•• Gafurov Islom ••°°") -> °°•• Gafurov Islom ••°° | K29: =IFERROR(__xludf.DUMMYFUNCTION("""COMPUTED_VALUE"""),"Обед") -> Обед
F30: =IFERROR(__xludf.DUMMYFUNCTION("""COMPUTED_VALUE"""),46316.0) -> 46316 | G30: =IFERROR(__xludf.DUMMYFUNCTION("""COMPUTED_VALUE"""),0.6041666666666666) -> 0.60416667 | H30: =IFERROR(__xludf.DUMMYFUNCTION("""COMPUTED_VALUE"""),"🏠 Uy uchun") -> 🏠 Uy uchun | I30: =IFERROR(__xludf.DUMMYFUNCTION("""COMPUTED_VALUE"""),125000.0) -> 125000 | J30: =IFERROR(__xludf.DUMMYFUNCTION("""COMPUTED_VALUE"""),"МирМуxаммад Файзуллаев") -> МирМуxаммад Файзуллаев | K30: =IFERROR(__xludf.DUMMYFUNCTION("""COMPUTED_VALUE"""),"uy uchun") -> uy uchun
F31: =IFERROR(__xludf.DUMMYFUNCTION("""COMPUTED_VALUE"""),46316.0) -> 46316 | G31: =IFERROR(__xludf.DUMMYFUNCTION("""COMPUTED_VALUE"""),0.48819444444444443) -> 0.48819444 | H31: =IFERROR(__xludf.DUMMYFUNCTION("""COMPUTED_VALUE"""),"🏠 Uy uchun") -> 🏠 Uy uchun | I31: =IFERROR(__xludf.DUMMYFUNCTION("""COMPUTED_VALUE"""),250000.0) -> 250000 | J31: =IFERROR(__xludf.DUMMYFUNCTION("""COMPUTED_VALUE"""),"МирМуxаммад Файзуллаев") -> МирМуxаммад Файзуллаев | K31: =IFERROR(__xludf.DUMMYFUNCTION("""COMPUTED_VALUE"""),"uy uchun") -> uy uchun
F32: =IFERROR(__xludf.DUMMYFUNCTION("""COMPUTED_VALUE"""),46316.0) -> 46316 | G32: =IFERROR(__xludf.DUMMYFUNCTION("""COMPUTED_VALUE"""),0.058333333333333334) -> 0.058333333 | H32: =IFERROR(__xludf.DUMMYFUNCTION("""COMPUTED_VALUE"""),"👔 Shaxsiy") -> 👔 Shaxsiy | I32: =IFERROR(__xludf.DUMMYFUNCTION("""COMPUTED_VALUE"""),390.0) -> 390 | J32: =IFERROR(__xludf.DUMMYFUNCTION("""COMPUTED_VALUE"""),"МирМуxаммад Файзуллаев") -> МирМуxаммад Файзуллаев | K32: =IFERROR(__xludf.DUMMYFUNCTION("""COMPUTED_VALUE"""),"mind shaxsiy ujin") -> mind shaxsiy ujin
F33: =IFERROR(__xludf.DUMMYFUNCTION("""COMPUTED_VALUE"""),46315.0) -> 46315 | G33: =IFERROR(__xludf.DUMMYFUNCTION("""COMPUTED_VALUE"""),0.39861111111111114) -> 0.39861111 | H33: =IFERROR(__xludf.DUMMYFUNCTION("""COMPUTED_VALUE"""),"🏠 Uy uchun") -> 🏠 Uy uchun | I33: =IFERROR(__xludf.DUMMYFUNCTION("""COMPUTED_VALUE"""),550000.0) -> 550000 | J33: =IFERROR(__xludf.DUMMYFUNCTION("""COMPUTED_VALUE"""),"МирМуxаммад Файзуллаев") -> МирМуxаммад Файзуллаев | K33: =IFERROR(__xludf.DUMMYFUNCTION("""COMPUTED_VALUE"""),"uy uchun") -> uy uchun
F34: =IFERROR(__xludf.DUMMYFUNCTION("""COMPUTED_VALUE"""),46314.0) -> 46314 | G34: =IFERROR(__xludf.DUMMYFUNCTION("""COMPUTED_VALUE"""),0.9145833333333333) -> 0.91458333 | H34: =IFERROR(__xludf.DUMMYFUNCTION("""COMPUTED_VALUE"""),"👔 Shaxsiy") -> 👔 Shaxsiy | I34: =IFERROR(__xludf.DUMMYFUNCTION("""COMPUTED_VALUE"""),340000.0) -> 340000 | J34: =IFERROR(__xludf.DUMMYFUNCTION("""COMPUTED_VALUE"""),"МирМуxаммад Файзуллаев") -> МирМуxаммад Файзуллаев | K34: =IFERROR(__xludf.DUMMYFUNCTION("""COMPUTED_VALUE"""),"shaxsiy zaryadka uy bozor") -> shaxsiy zaryadka uy bozor
F35: =IFERROR(__xludf.DUMMYFUNCTION("""COMPUTED_VALUE"""),46314.0) -> 46314 | G35: =IFERROR(__xludf.DUMMYFUNCTION("""COMPUTED_VALUE"""),0.73125) -> 0.73125 | H35: =IFERROR(__xludf.DUMMYFUNCTION("""COMPUTED_VALUE"""),"🏠 Uy uchun") -> 🏠 Uy uchun | I35: =IFERROR(__xludf.DUMMYFUNCTION("""COMPUTED_VALUE"""),600000.0) -> 600000 | J35: =IFERROR(__xludf.DUMMYFUNCTION("""COMPUTED_VALUE"""),"МирМуxаммад Файзуллаев") -> МирМуxаммад Файзуллаев | K35: =IFERROR(__xludf.DUMMYFUNCTION("""COMPUTED_VALUE"""),"uy uchun adamga") -> uy uchun adamga
F36: =IFERROR(__xludf.DUMMYFUNCTION("""COMPUTED_VALUE"""),46314.0) -> 46314 | G36: =IFERROR(__xludf.DUMMYFUNCTION("""COMPUTED_VALUE"""),0.6284722222222222) -> 0.62847222 | H36: =IFERROR(__xludf.DUMMYFUNCTION("""COMPUTED_VALUE"""),"🏠 Uy uchun") -> 🏠 Uy uchun | I36: =IFERROR(__xludf.DUMMYFUNCTION("""COMPUTED_VALUE"""),200000.0) -> 200000 | J36: =IFERROR(__xludf.DUMMYFUNCTION("""COMPUTED_VALUE"""),"МирМуxаммад Файзуллаев") -> МирМуxаммад Файзуллаев | K36: =IFERROR(__xludf.DUMMYFUNCTION("""COMPUTED_VALUE"""),"uy uchun domla") -> uy uchun domla
F37: =IFERROR(__xludf.DUMMYFUNCTION("""COMPUTED_VALUE"""),46313.0) -> 46313 | G37: =IFERROR(__xludf.DUMMYFUNCTION("""COMPUTED_VALUE"""),0.9423611111111111) -> 0.94236111 | H37: =IFERROR(__xludf.DUMMYFUNCTION("""COMPUTED_VALUE"""),"👔 Shaxsiy") -> 👔 Shaxsiy | I37: =IFERROR(__xludf.DUMMYFUNCTION("""COMPUTED_VALUE"""),50000.0) -> 50000 | J37: =IFERROR(__xludf.DUMMYFUNCTION("""COMPUTED_VALUE"""),"МирМуxаммад Файзуллаев") -> МирМуxаммад Файзуллаев | K37: =IFERROR(__xludf.DUMMYFUNCTION("""COMPUTED_VALUE"""),"shaxsiy bolla bilan") -> shaxsiy bolla bilan
F38: =IFERROR(__xludf.DUMMYFUNCTION("""COMPUTED_VALUE"""),46313.0) -> 46313 | G38: =IFERROR(__xludf.DUMMYFUNCTION("""COMPUTED_VALUE"""),0.6388888888888888) -> 0.63888889 | H38: =IFERROR(__xludf.DUMMYFUNCTION("""COMPUTED_VALUE"""),"🏠 Uy uchun") -> 🏠 Uy uchun | I38: =IFERROR(__xludf.DUMMYFUNCTION("""COMPUTED_VALUE"""),280000.0) -> 280000 | J38: =IFERROR(__xludf.DUMMYFUNCTION("""COMPUTED_VALUE"""),"МирМуxаммад Файзуллаев") -> МирМуxаммад Файзуллаев | K38: =IFERROR(__xludf.DUMMYFUNCTION("""COMPUTED_VALUE"""),"uy uchun safia") -> uy uchun safia
F39: =IFERROR(__xludf.DUMMYFUNCTION("""COMPUTED_VALUE"""),46313.0) -> 46313 | G39: =IFERROR(__xludf.DUMMYFUNCTION("""COMPUTED_VALUE"""),0.6375) -> 0.6375 | H39: =IFERROR(__xludf.DUMMYFUNCTION("""COMPUTED_VALUE"""),"👔 Shaxsiy") -> 👔 Shaxsiy | I39: =IFERROR(__xludf.DUMMYFUNCTION("""COMPUTED_VALUE"""),1.446708E7) -> 14467080 | J39: =IFERROR(__xludf.DUMMYFUNCTION("""COMPUTED_VALUE"""),"МирМуxаммад Файзуллаев") -> МирМуxаммад Файзуллаев | K39: =IFERROR(__xludf.DUMMYFUNCTION("""COMPUTED_VALUE"""),"shaxsiy moshinaga A") -> shaxsiy moshinaga A
F40: =IFERROR(__xludf.DUMMYFUNCTION("""COMPUTED_VALUE"""),46313.0) -> 46313 | G40: =IFERROR(__xludf.DUMMYFUNCTION("""COMPUTED_VALUE"""),0.04027777777777778) -> 0.040277778 | H40: =IFERROR(__xludf.DUMMYFUNCTION("""COMPUTED_VALUE"""),"👔 Shaxsiy") -> 👔 Shaxsiy | I40: =IFERROR(__xludf.DUMMYFUNCTION("""COMPUTED_VALUE"""),200000.0) -> 200000 | J40: =IFERROR(__xludf.DUMMYFUNCTION("""COMPUTED_VALUE"""),"МирМуxаммад Файзуллаев") -> МирМуxаммад Файзуллаев | K40: =IFERROR(__xludf.DUMMYFUNCTION("""COMPUTED_VALUE"""),"shaxsiy ujin") -> shaxsiy ujin
F41: =IFERROR(__xludf.DUMMYFUNCTION("""COMPUTED_VALUE"""),46312.0) -> 46312 | G41: =IFERROR(__xludf.DUMMYFUNCTION("""COMPUTED_VALUE"""),0.8152777777777778) -> 0.81527778 | H41: =IFERROR(__xludf.DUMMYFUNCTION("""COMPUTED_VALUE"""),"👔 Shaxsiy") -> 👔 Shaxsiy | I41: =IFERROR(__xludf.DUMMYFUNCTION("""COMPUTED_VALUE"""),120000.0) -> 120000 | J41: =IFERROR(__xludf.DUMMYFUNCTION("""COMPUTED_VALUE"""),"Umid Yusupov") -> Umid Yusupov | K41: =IFERROR(__xludf.DUMMYFUNCTION("""COMPUTED_VALUE"""),"Картага ташалди") -> Картага ташалди
F42: =IFERROR(__xludf.DUMMYFUNCTION("""COMPUTED_VALUE"""),46312.0) -> 46312 | G42: =IFERROR(__xludf.DUMMYFUNCTION("""COMPUTED_VALUE"""),0.5145833333333333) -> 0.51458333 | H42: =IFERROR(__xludf.DUMMYFUNCTION("""COMPUTED_VALUE"""),"🏠 Uy uchun") -> 🏠 Uy uchun | I42: =IFERROR(__xludf.DUMMYFUNCTION("""COMPUTED_VALUE"""),280000.0) -> 280000 | J42: =IFERROR(__xludf.DUMMYFUNCTION("""COMPUTED_VALUE"""),"МирМуxаммад Файзуллаев") -> МирМуxаммад Файзуллаев | K42: =IFERROR(__xludf.DUMMYFUNCTION("""COMPUTED_VALUE"""),"uy uchun") -> uy uchun
F43: =IFERROR(__xludf.DUMMYFUNCTION("""COMPUTED_VALUE"""),46311.0) -> 46311 | G43: =IFERROR(__xludf.DUMMYFUNCTION("""COMPUTED_VALUE"""),0.9895833333333334) -> 0.98958333 | H43: =IFERROR(__xludf.DUMMYFUNCTION("""COMPUTED_VALUE"""),"👔 Shaxsiy") -> 👔 Shaxsiy | I43: =IFERROR(__xludf.DUMMYFUNCTION("""COMPUTED_VALUE"""),88000.0) -> 88000 | J43: =IFERROR(__xludf.DUMMYFUNCTION("""COMPUTED_VALUE"""),"Umid Yusupov") -> Umid Yusupov | K43: =IFERROR(__xludf.DUMMYFUNCTION("""COMPUTED_VALUE"""),"Элер дори") -> Элер дори
F44: =IFERROR(__xludf.DUMMYFUNCTION("""COMPUTED_VALUE"""),46311.0) -> 46311 | G44: =IFERROR(__xludf.DUMMYFUNCTION("""COMPUTED_VALUE"""),0.9888888888888889) -> 0.98888889 | H44: =IFERROR(__xludf.DUMMYFUNCTION("""COMPUTED_VALUE"""),"👔 Shaxsiy") -> 👔 Shaxsiy | I44: =IFERROR(__xludf.DUMMYFUNCTION("""COMPUTED_VALUE"""),55000.0) -> 55000 | J44: =IFERROR(__xludf.DUMMYFUNCTION("""COMPUTED_VALUE"""),"Umid Yusupov") -> Umid Yusupov | K44: =IFERROR(__xludf.DUMMYFUNCTION("""COMPUTED_VALUE"""),"Элер куришга овкат") -> Элер куришга овкат
F45: =IFERROR(__xludf.DUMMYFUNCTION("""COMPUTED_VALUE"""),46311.0) -> 46311 | G45: =IFERROR(__xludf.DUMMYFUNCTION("""COMPUTED_VALUE"""),0.9805555555555555) -> 0.98055556 | H45: =IFERROR(__xludf.DUMMYFUNCTION("""COMPUTED_VALUE"""),"🏠 Uy uchun") -> 🏠 Uy uchun | I45: =IFERROR(__xludf.DUMMYFUNCTION("""COMPUTED_VALUE"""),200000.0) -> 200000 | J45: =IFERROR(__xludf.DUMMYFUNCTION("""COMPUTED_VALUE"""),"МирМуxаммад Файзуллаев") -> МирМуxаммад Файзуллаев | K45: =IFERROR(__xludf.DUMMYFUNCTION("""COMPUTED_VALUE"""),"uy uchun sushi") -> uy uchun sushi
F46: =IFERROR(__xludf.DUMMYFUNCTION("""COMPUTED_VALUE"""),46311.0) -> 46311 | G46: =IFERROR(__xludf.DUMMYFUNCTION("""COMPUTED_VALUE"""),0.9270833333333334) -> 0.92708333 | H46: =IFERROR(__xludf.DUMMYFUNCTION("""COMPUTED_VALUE"""),"🏠 Uy uchun") -> 🏠 Uy uchun | I46: =IFERROR(__xludf.DUMMYFUNCTION("""COMPUTED_VALUE"""),40000.0) -> 40000 | J46: =IFERROR(__xludf.DUMMYFUNCTION("""COMPUTED_VALUE"""),"МирМуxаммад Файзуллаев") -> МирМуxаммад Файзуллаев | K46: =IFERROR(__xludf.DUMMYFUNCTION("""COMPUTED_VALUE"""),"uy uchun bozor") -> uy uchun bozor
F47: =IFERROR(__xludf.DUMMYFUNCTION("""COMPUTED_VALUE"""),46311.0) -> 46311 | G47: =IFERROR(__xludf.DUMMYFUNCTION("""COMPUTED_VALUE"""),0.9027777777777778) -> 0.90277778 | H47: =IFERROR(__xludf.DUMMYFUNCTION("""COMPUTED_VALUE"""),"👔 Shaxsiy") -> 👔 Shaxsiy | I47: =IFERROR(__xludf.DUMMYFUNCTION("""COMPUTED_VALUE"""),180000.0) -> 180000 | J47: =IFERROR(__xludf.DUMMYFUNCTION("""COMPUTED_VALUE"""),"МирМуxаммад Файзуллаев") -> МирМуxаммад Файзуллаев | K47: =IFERROR(__xludf.DUMMYFUNCTION("""COMPUTED_VALUE"""),"shaxsiy exson") -> shaxsiy exson
F48: =IFERROR(__xludf.DUMMYFUNCTION("""COMPUTED_VALUE"""),46311.0) -> 46311 | G48: =IFERROR(__xludf.DUMMYFUNCTION("""COMPUTED_VALUE"""),0.6465277777777778) -> 0.64652778 | H48: =IFERROR(__xludf.DUMMYFUNCTION("""COMPUTED_VALUE"""),"🏠 Uy uchun") -> 🏠 Uy uchun | I48: =IFERROR(__xludf.DUMMYFUNCTION("""COMPUTED_VALUE"""),200000.0) -> 200000 | J48: =IFERROR(__xludf.DUMMYFUNCTION("""COMPUTED_VALUE"""),"МирМуxаммад Файзуллаев") -> МирМуxаммад Файзуллаев | K48: =IFERROR(__xludf.DUMMYFUNCTION("""COMPUTED_VALUE"""),"uy uchun oyimga") -> uy uchun oyimga
